"station","start_time","end_time","peak_level_cm","peak_time","duration_min","avg_gradient_cm_min","event_type","total_precip_mm","max_intensity_mm_h","radolan_verified","points_count"
"Herzogstraße","2026/04/02 05:20:00","2026/04/02 07:35:00",17.6,"2026/04/02 07:28:00",135,0.137,"Regenereignis / Natürlich",NA,NA,NA,114
"Herzogstraße","2026/04/01 07:56:00","2026/04/01 08:51:00",19,"2026/04/01 08:30:00",55,0.557,"Sturzflut-Ereignis",NA,NA,NA,50
"Herzogstraße","2026/03/29 21:11:00","2026/03/29 23:50:00",1.3,"2026/03/29 22:32:00",159,0.016,"Leichter Regen / Unterhalb DWD-Schwelle",NA,NA,NA,71
"Herzogstraße","2026/03/29 02:45:00","2026/03/29 03:50:00",1,"2026/03/29 03:46:00",65,0.016,"Leichter Regen / Unterhalb DWD-Schwelle",NA,NA,NA,15
"Herzogstraße","2026/03/28 13:54:00","2026/03/28 14:10:00",2,"2026/03/28 14:00:00",16,0.328,"Regenereignis / Natürlich",NA,NA,NA,14
"Herzogstraße","2026/03/25 10:11:00","2026/03/25 10:59:00",1.6,"2026/03/25 10:56:00",48,0.035,"Leichter Regen / Unterhalb DWD-Schwelle",NA,NA,NA,25
"Herzogstraße","2026/03/03 13:24:00","2026/03/03 15:46:00",38.9,"2026/03/03 14:20:00",142,0.693,"Sturzflut-Ereignis",NA,NA,NA,143
"Herzogstraße","2026/03/02 04:25:00","2026/03/02 06:18:00",26.7,"2026/03/02 06:15:00",113,0.243,"Regenereignis / Natürlich",NA,NA,NA,69
"Herzogstraße","2026/02/22 03:59:00","2026/02/22 04:21:00",0.6,"2026/02/22 04:06:00",22,0.085,"Leichter Regen / Unterhalb DWD-Schwelle",NA,NA,NA,15
"Herzogstraße","2026/02/22 00:00:00","2026/02/22 01:25:00",2.7,"2026/02/22 00:14:00",85,0.191,"Regenereignis / Natürlich",NA,NA,NA,71
"Herzogstraße","2026/02/20 17:50:00","2026/02/20 18:56:00",0.9,"2026/02/20 18:49:00",66,0.015,"Leichter Regen / Unterhalb DWD-Schwelle",NA,NA,NA,37
"Herzogstraße","2026/02/20 05:24:00","2026/02/20 07:21:00",1.3,"2026/02/20 05:36:00",117,0.107,"Leichter Regen / Unterhalb DWD-Schwelle",NA,NA,NA,68
"Herzogstraße","2026/02/19 04:47:00","2026/02/19 05:17:00",1.8,"2026/02/19 05:09:00",30,0.081,"Leichter Regen / Unterhalb DWD-Schwelle",NA,NA,NA,22
"Herzogstraße","2026/02/17 20:26:00","2026/02/17 23:11:00",3.5,"2026/02/17 20:33:00",165,0.493,"Regenereignis / Natürlich",NA,NA,NA,278
"Herzogstraße","2026/02/16 09:10:00","2026/02/16 09:36:00",3,"2026/02/16 09:20:00",26,0.297,"Sturzflut-Ereignis",NA,NA,NA,42
"Herzogstraße","2026/02/16 05:00:00","2026/02/16 07:26:00",2.8,"2026/02/16 07:00:00",146,0.023,"Regenereignis / Natürlich",NA,NA,NA,218
"Herzogstraße","2026/01/28 07:14:00","2026/01/28 08:24:00",36.6,"2026/01/28 08:18:00",70,0.571,"Sturzflut-Ereignis",NA,NA,NA,120
"Herzogstraße","2026/01/27 05:57:00","2026/01/27 06:26:00",29.7,"2026/01/27 06:08:00",29,2.676,"Sturzflut-Ereignis",NA,NA,NA,60
"Herzogstraße","2026/01/23 11:06:00","2026/01/23 12:02:00",34.5,"2026/01/23 11:57:00",56,0.675,"Sturzflut-Ereignis",NA,NA,NA,80
"Herzogstraße","2026/01/22 13:49:00","2026/01/22 15:16:00",16.9,"2026/01/22 14:27:00",87,0.444,"Regenereignis / Natürlich",NA,NA,NA,128
"Herzogstraße","2026/01/20 06:13:00","2026/01/20 08:13:00",20.2,"2026/01/20 07:14:00",120,0.331,"Regenereignis / Natürlich",NA,NA,NA,162
"Herzogstraße","2026/01/14 12:50:00","2026/01/14 13:45:00",3.8,"2026/01/14 13:38:00",55,0.079,"Regenereignis / Natürlich",NA,NA,NA,44
"Herzogstraße","2026/01/12 20:46:00","2026/01/12 21:25:00",2,"2026/01/12 20:52:00",39,0.328,"Regenereignis / Natürlich",NA,NA,NA,40
"Herzogstraße","2026/01/12 07:04:00","2026/01/12 07:44:00",1.8,"2026/01/12 07:10:00",40,0.295,"Leichter Regen / Unterhalb DWD-Schwelle",NA,NA,NA,38
"Herzogstraße","2025/12/23 07:02:00","2025/12/23 08:29:00",17.9,"2025/12/23 08:03:00",87,0.293,"Regenereignis / Natürlich",NA,NA,NA,65
"Herzogstraße","2025/12/19 14:32:00","2025/12/19 15:15:00",34.9,"2025/12/19 14:57:00",43,1.39,"Sturzflut-Ereignis",NA,NA,NA,42
"Herzogstraße","2025/12/17 10:42:00","2025/12/17 12:59:00",31.5,"2025/12/17 12:51:00",137,0.244,"Regenereignis / Natürlich",NA,NA,NA,82
"Herzogstraße","2025/12/17 07:35:00","2025/12/17 08:50:00",10.7,"2025/12/17 08:32:00",75,0.187,"Regenereignis / Natürlich",NA,NA,NA,66
"Herzogstraße","2025/12/16 14:26:00","2025/12/16 14:50:00",29.4,"2025/12/16 14:39:00",24,2.244,"Sturzflut-Ereignis",NA,NA,NA,23
"Herzogstraße","2025/12/15 10:51:00","2025/12/15 11:09:00",8.2,"2025/12/15 11:06:00",18,0.543,"Sturzflut-Ereignis",NA,NA,NA,19
"Herzogstraße","2025/12/15 07:30:00","2025/12/15 09:08:00",14.3,"2025/12/15 09:01:00",98,0.157,"Regenereignis / Natürlich",NA,NA,NA,71
"Herzogstraße","2025/12/08 04:44:00","2025/12/08 06:10:00",2.7,"2025/12/08 05:57:00",86,0.037,"Regenereignis / Natürlich",NA,NA,NA,87
"Herzogstraße","2025/12/07 08:21:00","2025/12/07 09:15:00",1.5,"2025/12/07 08:38:00",54,0.088,"Leichter Regen / Unterhalb DWD-Schwelle",NA,NA,NA,25
"Herzogstraße","2025/12/06 21:08:00","2025/12/06 22:14:00",1.4,"2025/12/06 21:31:00",66,0.061,"Leichter Regen / Unterhalb DWD-Schwelle",NA,NA,NA,63
"Herzogstraße","2025/12/06 03:43:00","2025/12/06 05:41:00",1.9,"2025/12/06 04:46:00",118,0.03,"Leichter Regen / Unterhalb DWD-Schwelle",NA,NA,NA,104
"Herzogstraße","2025/12/04 04:22:00","2025/12/04 07:18:00",0.9,"2025/12/04 05:56:00",176,0.01,"Leichter Regen / Unterhalb DWD-Schwelle",NA,NA,NA,114
"Herzogstraße","2025/11/16 12:45:00","2025/11/16 15:09:00",3.3,"2025/11/16 12:54:00",144,0.363,"Regenereignis / Natürlich",NA,NA,NA,111
"Herzogstraße","2025/11/16 09:45:00","2025/11/16 11:34:00",2.1,"2025/11/16 10:11:00",109,0.08,"Regenereignis / Natürlich",NA,NA,NA,66
"Herzogstraße","2025/11/12 11:07:00","2025/11/12 11:58:00",16.7,"2025/11/12 11:46:00",51,0.427,"Regenereignis / Natürlich",NA,NA,NA,29
"Herzogstraße","2025/11/01 11:29:00","2025/11/01 14:12:00",2.3,"2025/11/01 13:48:00",163,0.017,"Regenereignis / Natürlich",NA,NA,NA,80
"Herzogstraße","2025/10/26 20:33:00","2025/10/26 21:17:00",0.7,"2025/10/26 21:09:00",44,0.019,"Leichter Regen / Unterhalb DWD-Schwelle",NA,NA,NA,9
"Herzogstraße","2025/10/21 10:49:00","2025/10/21 11:37:00",0.9,"2025/10/21 11:33:00",48,0.02,"Leichter Regen / Unterhalb DWD-Schwelle",NA,NA,NA,19
"Herzogstraße","2025/10/16 12:30:00","2025/10/16 13:17:00",1.6,"2025/10/16 12:34:00",47,0.39,"Leichter Regen / Unterhalb DWD-Schwelle",NA,NA,NA,44
"Herzogstraße","2025/10/16 04:43:00","2025/10/16 05:51:00",1.7,"2025/10/16 05:21:00",68,0.045,"Leichter Regen / Unterhalb DWD-Schwelle",NA,NA,NA,42
"Herzogstraße","2025/10/15 21:59:00","2025/10/15 22:24:00",1.9,"2025/10/15 22:02:00",25,0.613,"Sturzflut-Ereignis",NA,NA,NA,26
"Herzogstraße","2025/10/13 05:15:00","2025/10/13 07:26:00",38,"2025/10/13 06:02:00",131,0.807,"Sturzflut-Ereignis",NA,NA,NA,81
"Herzogstraße","2025/10/10 05:39:00","2025/10/10 07:56:00",35.1,"2025/10/10 06:32:00",137,0.661,"Sturzflut-Ereignis",NA,NA,NA,82
