station,timestamp,precipitation_mm,probability_percent,temp_c
An der Kost,2026-09-28T22:00:00Z,0,0,20.4
An der Kost,2026-09-28T23:00:00Z,0,0,19.8
An der Kost,2026-09-29T00:00:00Z,0,0,19.4
An der Kost,2026-09-29T01:00:00Z,0,0,19.1
An der Kost,2026-09-29T02:00:00Z,0,0,19
An der Kost,2026-09-29T03:00:00Z,0,0,19
An der Kost,2026-09-29T04:00:00Z,0,0,18.8
An der Kost,2026-09-29T05:00:00Z,0,0,18.7
An der Kost,2026-09-29T06:00:00Z,0,0,18.9
An der Kost,2026-09-29T07:00:00Z,0,0,20.2
An der Kost,2026-09-29T08:00:00Z,0,0,22.8
An der Kost,2026-09-29T09:00:00Z,0,0,24.5
An der Kost,2026-09-29T10:00:00Z,0,0,26
An der Kost,2026-09-29T11:00:00Z,0,0,26.9
An der Kost,2026-09-29T12:00:00Z,0,0,26.4
An der Kost,2026-09-29T13:00:00Z,0,0,27.2
An der Kost,2026-09-29T14:00:00Z,0,0,27.5
An der Kost,2026-09-29T15:00:00Z,0,0,27.4
An der Kost,2026-09-29T16:00:00Z,0,0,26.9
An der Kost,2026-09-29T17:00:00Z,0,0,25.1
An der Kost,2026-09-29T18:00:00Z,0,0,23.3
An der Kost,2026-09-29T19:00:00Z,0,0,22.7
An der Kost,2026-09-29T20:00:00Z,0,0,22.7
An der Kost,2026-09-29T21:00:00Z,0,0,23.3
An der Kost,2026-09-29T22:00:00Z,0,0,23.3
An der Kost,2026-09-29T23:00:00Z,0,0,22.7
An der Kost,2026-09-30T00:00:00Z,0,0,21.9
An der Kost,2026-09-30T01:00:00Z,0,0,21.3
An der Kost,2026-09-30T02:00:00Z,0,0,20.7
An der Kost,2026-09-30T03:00:00Z,0,0,20.4
An der Kost,2026-09-30T04:00:00Z,0,0,20.4
An der Kost,2026-09-30T05:00:00Z,0,0,20.4
An der Kost,2026-09-30T06:00:00Z,0,0,21
An der Kost,2026-09-30T07:00:00Z,0,0,22
An der Kost,2026-09-30T08:00:00Z,0,0,23.4
An der Kost,2026-09-30T09:00:00Z,0,0,25.1
An der Kost,2026-09-30T10:00:00Z,0,0,26.3
An der Kost,2026-09-30T11:00:00Z,0,0,26.1
An der Kost,2026-09-30T12:00:00Z,0,0,27.2
An der Kost,2026-09-30T13:00:00Z,0,1,27.9
An der Kost,2026-09-30T14:00:00Z,0,1,28.4
An der Kost,2026-09-30T15:00:00Z,0,2,28.6
An der Kost,2026-09-30T16:00:00Z,0,3,28.2
An der Kost,2026-09-30T17:00:00Z,0,3,27.2
An der Kost,2026-09-30T18:00:00Z,0,4,25.9
An der Kost,2026-09-30T19:00:00Z,0,4,25.2
An der Kost,2026-09-30T20:00:00Z,0,4,24.8
An der Kost,2026-09-30T21:00:00Z,0.2,4,23.9
An der Kost,2026-09-30T22:00:00Z,0,4,23.4
An der Kost,2026-09-30T23:00:00Z,0,4,22.9
An der Kost,2026-10-01T00:00:00Z,0,8,22.7
An der Kost,2026-10-01T01:00:00Z,0,20,22.2
An der Kost,2026-10-01T02:00:00Z,0,36,21.9
An der Kost,2026-10-01T03:00:00Z,0,51,21.7
An der Kost,2026-10-01T04:00:00Z,0,62,21.2
An der Kost,2026-10-01T05:00:00Z,0.1,72,20.6
An der Kost,2026-10-01T06:00:00Z,0.08,78,19.8
An der Kost,2026-10-01T07:00:00Z,0.1,79,19.3
An der Kost,2026-10-01T08:00:00Z,0.23,77,18.8
An der Kost,2026-10-01T09:00:00Z,1.2,73,17.5
An der Kost,2026-10-01T10:00:00Z,0.7,69,17.8
An der Kost,2026-10-01T11:00:00Z,2.1,63,17.8
An der Kost,2026-10-01T12:00:00Z,2,59,17.8
An der Kost,2026-10-01T13:00:00Z,0.3,57,18.6
An der Kost,2026-10-01T14:00:00Z,0.2,56,18.4
An der Kost,2026-10-01T15:00:00Z,0.3,55,18
An der Kost,2026-10-01T16:00:00Z,0.2,55,17.4
An der Kost,2026-10-01T17:00:00Z,0.6,56,16.9
An der Kost,2026-10-01T18:00:00Z,1.1,53,16.6
An der Kost,2026-10-01T19:00:00Z,0.1,45,16.1
An der Kost,2026-10-01T20:00:00Z,0,34,15.8
An der Kost,2026-10-01T21:00:00Z,0,24,15.3
An der Kost,2026-10-01T22:00:00Z,0,18,15.4
An der Kost,2026-10-01T23:00:00Z,0,13,15
An der Kost,2026-10-02T00:00:00Z,0,10,14.8
An der Kost,2026-10-02T01:00:00Z,0,9,14.4
An der Kost,2026-10-02T02:00:00Z,0,9,14.1
An der Kost,2026-10-02T03:00:00Z,0,10,13.8
An der Kost,2026-10-02T04:00:00Z,0,10,13.7
An der Kost,2026-10-02T05:00:00Z,0,10,13.5
An der Kost,2026-10-02T06:00:00Z,0,10,13.5
An der Kost,2026-10-02T07:00:00Z,0,10,14
An der Kost,2026-10-02T08:00:00Z,0,10,14.7
An der Kost,2026-10-02T09:00:00Z,0,10,15.5
An der Kost,2026-10-02T10:00:00Z,0,9,16.6
An der Kost,2026-10-02T11:00:00Z,0,9,17.8
An der Kost,2026-10-02T12:00:00Z,0,8,18.7
An der Kost,2026-10-02T13:00:00Z,0,8,19
An der Kost,2026-10-02T14:00:00Z,0,8,18.9
An der Kost,2026-10-02T15:00:00Z,0,8,18.6
An der Kost,2026-10-02T16:00:00Z,0,7,17.8
An der Kost,2026-10-02T17:00:00Z,0,5,16.7
An der Kost,2026-10-02T18:00:00Z,0,4,15.7
An der Kost,2026-10-02T19:00:00Z,0,4,15
An der Kost,2026-10-02T20:00:00Z,0,4,14.3
An der Kost,2026-10-02T21:00:00Z,0,4,13.7
An der Kost,2026-10-02T22:00:00Z,0,5,13.1
An der Kost,2026-10-02T23:00:00Z,0,7,12.6
An der Kost,2026-10-03T00:00:00Z,0,8,12.1
An der Kost,2026-10-03T01:00:00Z,0,8,11.6
An der Kost,2026-10-03T02:00:00Z,0,8,11.1
An der Kost,2026-10-03T03:00:00Z,0,8,10.7
An der Kost,2026-10-03T04:00:00Z,0,8,10.2
An der Kost,2026-10-03T05:00:00Z,0,8,9.7
An der Kost,2026-10-03T06:00:00Z,0,8,10
An der Kost,2026-10-03T07:00:00Z,0,9,11.5
An der Kost,2026-10-03T08:00:00Z,0,10,13.7
An der Kost,2026-10-03T09:00:00Z,0,10,15.7
An der Kost,2026-10-03T10:00:00Z,0,9,17.2
An der Kost,2026-10-03T11:00:00Z,0,8,18.4
An der Kost,2026-10-03T12:00:00Z,0,8,19.3
An der Kost,2026-10-03T13:00:00Z,0,12,19.7
An der Kost,2026-10-03T14:00:00Z,0,17,19.7
An der Kost,2026-10-03T15:00:00Z,0,20,19.3
An der Kost,2026-10-03T16:00:00Z,0,20,18.4
An der Kost,2026-10-03T17:00:00Z,0,18,17.1
An der Kost,2026-10-03T18:00:00Z,0,16,16
An der Kost,2026-10-03T19:00:00Z,0,16,15.2
An der Kost,2026-10-03T20:00:00Z,0,16,14.6
An der Kost,2026-10-03T21:00:00Z,0,16,14.1
An der Kost,2026-10-03T22:00:00Z,0,15,13.5
An der Kost,2026-10-03T23:00:00Z,0,13,13
An der Kost,2026-10-04T00:00:00Z,0,12,12.6
An der Kost,2026-10-04T01:00:00Z,0,12,12.2
An der Kost,2026-10-04T02:00:00Z,0,13,11.8
An der Kost,2026-10-04T03:00:00Z,0,14,11.4
An der Kost,2026-10-04T04:00:00Z,0,16,10.9
An der Kost,2026-10-04T05:00:00Z,0,17,10.4
An der Kost,2026-10-04T06:00:00Z,0,18,10.6
An der Kost,2026-10-04T07:00:00Z,0,16,11.9
An der Kost,2026-10-04T08:00:00Z,0,13,14
An der Kost,2026-10-04T09:00:00Z,0,11,15.9
An der Kost,2026-10-04T10:00:00Z,0,11,17.5
An der Kost,2026-10-04T11:00:00Z,0,13,19.1
An der Kost,2026-10-04T12:00:00Z,0,14,20
An der Kost,2026-10-04T13:00:00Z,0,15,20.1
An der Kost,2026-10-04T14:00:00Z,0,16,19.6
An der Kost,2026-10-04T15:00:00Z,0,16,18.8
An der Kost,2026-10-04T16:00:00Z,0,16,17.7
An der Kost,2026-10-04T17:00:00Z,0,16,16.7
An der Kost,2026-10-04T18:00:00Z,0,16,15.8
An der Kost,2026-10-04T19:00:00Z,0,15,15.1
An der Kost,2026-10-04T20:00:00Z,0,13,14.3
An der Kost,2026-10-04T21:00:00Z,0,12,13.5
An der Kost,2026-10-04T22:00:00Z,0,11,12.7
An der Kost,2026-10-04T23:00:00Z,0,9,12
An der Kost,2026-10-05T00:00:00Z,0,8,11.4
An der Kost,2026-10-05T01:00:00Z,0,7,10.9
An der Kost,2026-10-05T02:00:00Z,0,7,10.2
An der Kost,2026-10-05T03:00:00Z,0,7,9.7
An der Kost,2026-10-05T04:00:00Z,0,7,9.4
An der Kost,2026-10-05T05:00:00Z,0,7,9.4
An der Kost,2026-10-05T06:00:00Z,0,8,9.8
An der Kost,2026-10-05T07:00:00Z,0,9,11
An der Kost,2026-10-05T08:00:00Z,0,10,12.9
An der Kost,2026-10-05T09:00:00Z,0,11,15.1
An der Kost,2026-10-05T10:00:00Z,0,12,17.3
An der Kost,2026-10-05T11:00:00Z,0,13,19.1
An der Kost,2026-10-05T12:00:00Z,0,14,20.1
An der Kost,2026-10-05T13:00:00Z,0,14,20.2
An der Kost,2026-10-05T14:00:00Z,0,14,19.7
An der Kost,2026-10-05T15:00:00Z,0,13,18.8
An der Kost,2026-10-05T16:00:00Z,0,12,17.7
An der Kost,2026-10-05T17:00:00Z,0,11,16.6
An der Kost,2026-10-05T18:00:00Z,0,10,15.7
An der Kost,2026-10-05T19:00:00Z,0,9,15
An der Kost,2026-10-05T20:00:00Z,0,7,14.3
An der Kost,2026-10-05T21:00:00Z,0,6,13.6
Wasserstraße,2026-09-28T22:00:00Z,0,0,20.4
Wasserstraße,2026-09-28T23:00:00Z,0,0,20
Wasserstraße,2026-09-29T00:00:00Z,0,0,19.7
Wasserstraße,2026-09-29T01:00:00Z,0,0,19.4
Wasserstraße,2026-09-29T02:00:00Z,0,0,19.3
Wasserstraße,2026-09-29T03:00:00Z,0,0,19.2
Wasserstraße,2026-09-29T04:00:00Z,0,0,19.1
Wasserstraße,2026-09-29T05:00:00Z,0,0,18.9
Wasserstraße,2026-09-29T06:00:00Z,0,0,19.4
Wasserstraße,2026-09-29T07:00:00Z,0,0,20.4
Wasserstraße,2026-09-29T08:00:00Z,0,0,22.2
Wasserstraße,2026-09-29T09:00:00Z,0,0,24.2
Wasserstraße,2026-09-29T10:00:00Z,0,0,25.9
Wasserstraße,2026-09-29T11:00:00Z,0,0,26.9
Wasserstraße,2026-09-29T12:00:00Z,0,0,26.5
Wasserstraße,2026-09-29T13:00:00Z,0,0,26.9
Wasserstraße,2026-09-29T14:00:00Z,0,0,27.4
Wasserstraße,2026-09-29T15:00:00Z,0,0,27.2
Wasserstraße,2026-09-29T16:00:00Z,0,0,26.8
Wasserstraße,2026-09-29T17:00:00Z,0,0,25.3
Wasserstraße,2026-09-29T18:00:00Z,0,0,23.7
Wasserstraße,2026-09-29T19:00:00Z,0,0,23.1
Wasserstraße,2026-09-29T20:00:00Z,0,0,22.7
Wasserstraße,2026-09-29T21:00:00Z,0,0,23
Wasserstraße,2026-09-29T22:00:00Z,0,0,23.2
Wasserstraße,2026-09-29T23:00:00Z,0,0,23
Wasserstraße,2026-09-30T00:00:00Z,0,0,22.2
Wasserstraße,2026-09-30T01:00:00Z,0,0,21.5
Wasserstraße,2026-09-30T02:00:00Z,0,0,20.9
Wasserstraße,2026-09-30T03:00:00Z,0,0,20.2
Wasserstraße,2026-09-30T04:00:00Z,0,0,20.2
Wasserstraße,2026-09-30T05:00:00Z,0,0,20.2
Wasserstraße,2026-09-30T06:00:00Z,0,0,20.8
Wasserstraße,2026-09-30T07:00:00Z,0,0,21.9
Wasserstraße,2026-09-30T08:00:00Z,0,0,23.3
Wasserstraße,2026-09-30T09:00:00Z,0,0,24.9
Wasserstraße,2026-09-30T10:00:00Z,0,0,26
Wasserstraße,2026-09-30T11:00:00Z,0,0,26.3
Wasserstraße,2026-09-30T12:00:00Z,0,0,25.9
Wasserstraße,2026-09-30T13:00:00Z,0,1,27.4
Wasserstraße,2026-09-30T14:00:00Z,0,1,27.9
Wasserstraße,2026-09-30T15:00:00Z,0,2,28.2
Wasserstraße,2026-09-30T16:00:00Z,0,3,28
Wasserstraße,2026-09-30T17:00:00Z,0,3,27.1
Wasserstraße,2026-09-30T18:00:00Z,0,4,26
Wasserstraße,2026-09-30T19:00:00Z,0,4,25.4
Wasserstraße,2026-09-30T20:00:00Z,0,4,24.9
Wasserstraße,2026-09-30T21:00:00Z,0,4,24.3
Wasserstraße,2026-09-30T22:00:00Z,0,4,24
Wasserstraße,2026-09-30T23:00:00Z,0,4,23.5
Wasserstraße,2026-10-01T00:00:00Z,0,8,23.3
Wasserstraße,2026-10-01T01:00:00Z,0,20,22.8
Wasserstraße,2026-10-01T02:00:00Z,0,36,22.3
Wasserstraße,2026-10-01T03:00:00Z,0,51,21.9
Wasserstraße,2026-10-01T04:00:00Z,0,62,21.5
Wasserstraße,2026-10-01T05:00:00Z,0.1,72,20.6
Wasserstraße,2026-10-01T06:00:00Z,0.1,78,19.9
Wasserstraße,2026-10-01T07:00:00Z,0.1,79,19.5
Wasserstraße,2026-10-01T08:00:00Z,0.18,77,19.5
Wasserstraße,2026-10-01T09:00:00Z,0.7,73,18.4
Wasserstraße,2026-10-01T10:00:00Z,1,69,18.5
Wasserstraße,2026-10-01T11:00:00Z,2,63,18.2
Wasserstraße,2026-10-01T12:00:00Z,2.5,59,18.2
Wasserstraße,2026-10-01T13:00:00Z,0.4,57,18.8
Wasserstraße,2026-10-01T14:00:00Z,0.2,56,18.8
Wasserstraße,2026-10-01T15:00:00Z,0.1,55,18.4
Wasserstraße,2026-10-01T16:00:00Z,0.3,55,17.8
Wasserstraße,2026-10-01T17:00:00Z,0.5,56,17.3
Wasserstraße,2026-10-01T18:00:00Z,1.1,53,17
Wasserstraße,2026-10-01T19:00:00Z,0.1,45,16.4
Wasserstraße,2026-10-01T20:00:00Z,0,34,16.1
Wasserstraße,2026-10-01T21:00:00Z,0,24,15.5
Wasserstraße,2026-10-01T22:00:00Z,0,18,15.4
Wasserstraße,2026-10-01T23:00:00Z,0,13,15.1
Wasserstraße,2026-10-02T00:00:00Z,0,10,14.9
Wasserstraße,2026-10-02T01:00:00Z,0,9,14.5
Wasserstraße,2026-10-02T02:00:00Z,0,9,14.3
Wasserstraße,2026-10-02T03:00:00Z,0,10,13.9
Wasserstraße,2026-10-02T04:00:00Z,0,10,13.9
Wasserstraße,2026-10-02T05:00:00Z,0,10,13.8
Wasserstraße,2026-10-02T06:00:00Z,0,10,13.9
Wasserstraße,2026-10-02T07:00:00Z,0,10,14.3
Wasserstraße,2026-10-02T08:00:00Z,0,10,14.8
Wasserstraße,2026-10-02T09:00:00Z,0,10,15.5
Wasserstraße,2026-10-02T10:00:00Z,0,9,16.6
Wasserstraße,2026-10-02T11:00:00Z,0,9,17.9
Wasserstraße,2026-10-02T12:00:00Z,0,8,18.9
Wasserstraße,2026-10-02T13:00:00Z,0,8,19.3
Wasserstraße,2026-10-02T14:00:00Z,0,8,19.3
Wasserstraße,2026-10-02T15:00:00Z,0,8,19.1
Wasserstraße,2026-10-02T16:00:00Z,0,7,18.4
Wasserstraße,2026-10-02T17:00:00Z,0,5,17.3
Wasserstraße,2026-10-02T18:00:00Z,0,4,16.4
Wasserstraße,2026-10-02T19:00:00Z,0,4,15.6
Wasserstraße,2026-10-02T20:00:00Z,0,4,14.9
Wasserstraße,2026-10-02T21:00:00Z,0,4,14.2
Wasserstraße,2026-10-02T22:00:00Z,0,5,13.5
Wasserstraße,2026-10-02T23:00:00Z,0,7,12.8
Wasserstraße,2026-10-03T00:00:00Z,0,8,12.2
Wasserstraße,2026-10-03T01:00:00Z,0,8,11.7
Wasserstraße,2026-10-03T02:00:00Z,0,8,11.2
Wasserstraße,2026-10-03T03:00:00Z,0,8,10.8
Wasserstraße,2026-10-03T04:00:00Z,0,8,10.1
Wasserstraße,2026-10-03T05:00:00Z,0,8,9.5
Wasserstraße,2026-10-03T06:00:00Z,0,8,9.6
Wasserstraße,2026-10-03T07:00:00Z,0,9,11.1
Wasserstraße,2026-10-03T08:00:00Z,0,10,13.4
Wasserstraße,2026-10-03T09:00:00Z,0,10,15.5
Wasserstraße,2026-10-03T10:00:00Z,0,9,17.1
Wasserstraße,2026-10-03T11:00:00Z,0,8,18.5
Wasserstraße,2026-10-03T12:00:00Z,0,8,19.5
Wasserstraße,2026-10-03T13:00:00Z,0,12,19.9
Wasserstraße,2026-10-03T14:00:00Z,0,17,19.9
Wasserstraße,2026-10-03T15:00:00Z,0,20,19.5
Wasserstraße,2026-10-03T16:00:00Z,0,20,18.6
Wasserstraße,2026-10-03T17:00:00Z,0,18,17.5
Wasserstraße,2026-10-03T18:00:00Z,0,16,16.4
Wasserstraße,2026-10-03T19:00:00Z,0,16,15.6
Wasserstraße,2026-10-03T20:00:00Z,0,16,14.9
Wasserstraße,2026-10-03T21:00:00Z,0,16,14.3
Wasserstraße,2026-10-03T22:00:00Z,0,15,13.8
Wasserstraße,2026-10-03T23:00:00Z,0,13,13.2
Wasserstraße,2026-10-04T00:00:00Z,0,12,12.8
Wasserstraße,2026-10-04T01:00:00Z,0,12,12.3
Wasserstraße,2026-10-04T02:00:00Z,0,13,11.9
Wasserstraße,2026-10-04T03:00:00Z,0,14,11.5
Wasserstraße,2026-10-04T04:00:00Z,0,16,11
Wasserstraße,2026-10-04T05:00:00Z,0,17,10.4
Wasserstraße,2026-10-04T06:00:00Z,0,18,10.6
Wasserstraße,2026-10-04T07:00:00Z,0,16,11.9
Wasserstraße,2026-10-04T08:00:00Z,0,13,13.8
Wasserstraße,2026-10-04T09:00:00Z,0,11,15.7
Wasserstraße,2026-10-04T10:00:00Z,0,11,17.5
Wasserstraße,2026-10-04T11:00:00Z,0,13,19.2
Wasserstraße,2026-10-04T12:00:00Z,0,14,20.1
Wasserstraße,2026-10-04T13:00:00Z,0,15,20.3
Wasserstraße,2026-10-04T14:00:00Z,0,16,19.9
Wasserstraße,2026-10-04T15:00:00Z,0,16,19.2
Wasserstraße,2026-10-04T16:00:00Z,0,16,18.2
Wasserstraße,2026-10-04T17:00:00Z,0,16,17.3
Wasserstraße,2026-10-04T18:00:00Z,0,16,16.4
Wasserstraße,2026-10-04T19:00:00Z,0,15,15.7
Wasserstraße,2026-10-04T20:00:00Z,0,13,14.8
Wasserstraße,2026-10-04T21:00:00Z,0,12,13.9
Wasserstraße,2026-10-04T22:00:00Z,0,11,13
Wasserstraße,2026-10-04T23:00:00Z,0,9,12.3
Wasserstraße,2026-10-05T00:00:00Z,0,8,11.6
Wasserstraße,2026-10-05T01:00:00Z,0,7,11
Wasserstraße,2026-10-05T02:00:00Z,0,7,10.4
Wasserstraße,2026-10-05T03:00:00Z,0,7,9.8
Wasserstraße,2026-10-05T04:00:00Z,0,7,9.5
Wasserstraße,2026-10-05T05:00:00Z,0,7,9.4
Wasserstraße,2026-10-05T06:00:00Z,0,8,9.9
Wasserstraße,2026-10-05T07:00:00Z,0,9,11.1
Wasserstraße,2026-10-05T08:00:00Z,0,10,12.9
Wasserstraße,2026-10-05T09:00:00Z,0,11,15.1
Wasserstraße,2026-10-05T10:00:00Z,0,12,17.3
Wasserstraße,2026-10-05T11:00:00Z,0,13,19.1
Wasserstraße,2026-10-05T12:00:00Z,0,14,20.1
Wasserstraße,2026-10-05T13:00:00Z,0,14,20.3
Wasserstraße,2026-10-05T14:00:00Z,0,14,19.9
Wasserstraße,2026-10-05T15:00:00Z,0,13,19.2
Wasserstraße,2026-10-05T16:00:00Z,0,12,18.2
Wasserstraße,2026-10-05T17:00:00Z,0,11,17.2
Wasserstraße,2026-10-05T18:00:00Z,0,10,16.4
Wasserstraße,2026-10-05T19:00:00Z,0,9,15.7
Wasserstraße,2026-10-05T20:00:00Z,0,7,14.9
Wasserstraße,2026-10-05T21:00:00Z,0,6,14.1
Königsallee,2026-09-28T22:00:00Z,0,0,20.4
Königsallee,2026-09-28T23:00:00Z,0,0,20
Königsallee,2026-09-29T00:00:00Z,0,0,19.8
Königsallee,2026-09-29T01:00:00Z,0,0,19.5
Königsallee,2026-09-29T02:00:00Z,0,0,19.3
Königsallee,2026-09-29T03:00:00Z,0,0,19.3
Königsallee,2026-09-29T04:00:00Z,0,0,19.1
Königsallee,2026-09-29T05:00:00Z,0,0,19
Königsallee,2026-09-29T06:00:00Z,0,0,19.5
Königsallee,2026-09-29T07:00:00Z,0,0,20.4
Königsallee,2026-09-29T08:00:00Z,0,0,22.2
Königsallee,2026-09-29T09:00:00Z,0,0,24.2
Königsallee,2026-09-29T10:00:00Z,0,0,26
Königsallee,2026-09-29T11:00:00Z,0,0,26.9
Königsallee,2026-09-29T12:00:00Z,0,0,26.5
Königsallee,2026-09-29T13:00:00Z,0,0,27
Königsallee,2026-09-29T14:00:00Z,0,0,27.4
Königsallee,2026-09-29T15:00:00Z,0,0,27.3
Königsallee,2026-09-29T16:00:00Z,0,0,26.8
Königsallee,2026-09-29T17:00:00Z,0,0,25.4
Königsallee,2026-09-29T18:00:00Z,0,0,23.8
Königsallee,2026-09-29T19:00:00Z,0,0,23.1
Königsallee,2026-09-29T20:00:00Z,0,0,22.7
Königsallee,2026-09-29T21:00:00Z,0,0,23
Königsallee,2026-09-29T22:00:00Z,0,0,23.2
Königsallee,2026-09-29T23:00:00Z,0,0,23
Königsallee,2026-09-30T00:00:00Z,0,0,22.2
Königsallee,2026-09-30T01:00:00Z,0,0,21.6
Königsallee,2026-09-30T02:00:00Z,0,0,20.9
Königsallee,2026-09-30T03:00:00Z,0,0,20.3
Königsallee,2026-09-30T04:00:00Z,0,0,20.3
Königsallee,2026-09-30T05:00:00Z,0,0,20.2
Königsallee,2026-09-30T06:00:00Z,0,0,20.8
Königsallee,2026-09-30T07:00:00Z,0,0,21.9
Königsallee,2026-09-30T08:00:00Z,0,0,23.4
Königsallee,2026-09-30T09:00:00Z,0,0,25
Königsallee,2026-09-30T10:00:00Z,0,0,26
Königsallee,2026-09-30T11:00:00Z,0,0,26.3
Königsallee,2026-09-30T12:00:00Z,0,0,25.9
Königsallee,2026-09-30T13:00:00Z,0,1,27.4
Königsallee,2026-09-30T14:00:00Z,0,1,28
Königsallee,2026-09-30T15:00:00Z,0,2,28.3
Königsallee,2026-09-30T16:00:00Z,0,3,28
Königsallee,2026-09-30T17:00:00Z,0,3,27.2
Königsallee,2026-09-30T18:00:00Z,0,4,26
Königsallee,2026-09-30T19:00:00Z,0,4,25.5
Königsallee,2026-09-30T20:00:00Z,0,4,25
Königsallee,2026-09-30T21:00:00Z,0,4,24.3
Königsallee,2026-09-30T22:00:00Z,0,4,24.1
Königsallee,2026-09-30T23:00:00Z,0,4,23.6
Königsallee,2026-10-01T00:00:00Z,0,8,23.4
Königsallee,2026-10-01T01:00:00Z,0,20,22.9
Königsallee,2026-10-01T02:00:00Z,0,36,22.3
Königsallee,2026-10-01T03:00:00Z,0,51,21.9
Königsallee,2026-10-01T04:00:00Z,0,62,21.6
Königsallee,2026-10-01T05:00:00Z,0.1,72,20.6
Königsallee,2026-10-01T06:00:00Z,0.1,78,19.9
Königsallee,2026-10-01T07:00:00Z,0.1,79,19.5
Königsallee,2026-10-01T08:00:00Z,0.18,77,19.5
Königsallee,2026-10-01T09:00:00Z,0.7,73,18.4
Königsallee,2026-10-01T10:00:00Z,1,69,18.5
Königsallee,2026-10-01T11:00:00Z,2,63,18.2
Königsallee,2026-10-01T12:00:00Z,2.5,59,18.2
Königsallee,2026-10-01T13:00:00Z,0.4,57,18.8
Königsallee,2026-10-01T14:00:00Z,0.2,56,18.8
Königsallee,2026-10-01T15:00:00Z,0.1,55,18.4
Königsallee,2026-10-01T16:00:00Z,0.3,55,17.8
Königsallee,2026-10-01T17:00:00Z,0.5,56,17.3
Königsallee,2026-10-01T18:00:00Z,1.1,53,17
Königsallee,2026-10-01T19:00:00Z,0.1,45,16.4
Königsallee,2026-10-01T20:00:00Z,0,34,16.1
Königsallee,2026-10-01T21:00:00Z,0,24,15.5
Königsallee,2026-10-01T22:00:00Z,0,18,15.4
Königsallee,2026-10-01T23:00:00Z,0,13,15.1
Königsallee,2026-10-02T00:00:00Z,0,10,14.9
Königsallee,2026-10-02T01:00:00Z,0,9,14.5
Königsallee,2026-10-02T02:00:00Z,0,9,14.3
Königsallee,2026-10-02T03:00:00Z,0,10,13.9
Königsallee,2026-10-02T04:00:00Z,0,10,13.9
Königsallee,2026-10-02T05:00:00Z,0,10,13.8
Königsallee,2026-10-02T06:00:00Z,0,10,13.9
Königsallee,2026-10-02T07:00:00Z,0,10,14.3
Königsallee,2026-10-02T08:00:00Z,0,10,14.8
Königsallee,2026-10-02T09:00:00Z,0,10,15.5
Königsallee,2026-10-02T10:00:00Z,0,9,16.6
Königsallee,2026-10-02T11:00:00Z,0,9,17.9
Königsallee,2026-10-02T12:00:00Z,0,8,18.9
Königsallee,2026-10-02T13:00:00Z,0,8,19.3
Königsallee,2026-10-02T14:00:00Z,0,8,19.3
Königsallee,2026-10-02T15:00:00Z,0,8,19.1
Königsallee,2026-10-02T16:00:00Z,0,7,18.4
Königsallee,2026-10-02T17:00:00Z,0,5,17.3
Königsallee,2026-10-02T18:00:00Z,0,4,16.4
Königsallee,2026-10-02T19:00:00Z,0,4,15.6
Königsallee,2026-10-02T20:00:00Z,0,4,14.9
Königsallee,2026-10-02T21:00:00Z,0,4,14.2
Königsallee,2026-10-02T22:00:00Z,0,5,13.5
Königsallee,2026-10-02T23:00:00Z,0,7,12.8
Königsallee,2026-10-03T00:00:00Z,0,8,12.2
Königsallee,2026-10-03T01:00:00Z,0,8,11.7
Königsallee,2026-10-03T02:00:00Z,0,8,11.2
Königsallee,2026-10-03T03:00:00Z,0,8,10.8
Königsallee,2026-10-03T04:00:00Z,0,8,10.1
Königsallee,2026-10-03T05:00:00Z,0,8,9.5
Königsallee,2026-10-03T06:00:00Z,0,8,9.6
Königsallee,2026-10-03T07:00:00Z,0,9,11.1
Königsallee,2026-10-03T08:00:00Z,0,10,13.4
Königsallee,2026-10-03T09:00:00Z,0,10,15.5
Königsallee,2026-10-03T10:00:00Z,0,9,17.1
Königsallee,2026-10-03T11:00:00Z,0,8,18.5
Königsallee,2026-10-03T12:00:00Z,0,8,19.5
Königsallee,2026-10-03T13:00:00Z,0,12,19.9
Königsallee,2026-10-03T14:00:00Z,0,17,19.9
Königsallee,2026-10-03T15:00:00Z,0,20,19.5
Königsallee,2026-10-03T16:00:00Z,0,20,18.6
Königsallee,2026-10-03T17:00:00Z,0,18,17.5
Königsallee,2026-10-03T18:00:00Z,0,16,16.4
Königsallee,2026-10-03T19:00:00Z,0,16,15.6
Königsallee,2026-10-03T20:00:00Z,0,16,14.9
Königsallee,2026-10-03T21:00:00Z,0,16,14.3
Königsallee,2026-10-03T22:00:00Z,0,15,13.8
Königsallee,2026-10-03T23:00:00Z,0,13,13.2
Königsallee,2026-10-04T00:00:00Z,0,12,12.8
Königsallee,2026-10-04T01:00:00Z,0,12,12.3
Königsallee,2026-10-04T02:00:00Z,0,13,11.9
Königsallee,2026-10-04T03:00:00Z,0,14,11.5
Königsallee,2026-10-04T04:00:00Z,0,16,11
Königsallee,2026-10-04T05:00:00Z,0,17,10.4
Königsallee,2026-10-04T06:00:00Z,0,18,10.6
Königsallee,2026-10-04T07:00:00Z,0,16,11.9
Königsallee,2026-10-04T08:00:00Z,0,13,13.8
Königsallee,2026-10-04T09:00:00Z,0,11,15.7
Königsallee,2026-10-04T10:00:00Z,0,11,17.5
Königsallee,2026-10-04T11:00:00Z,0,13,19.2
Königsallee,2026-10-04T12:00:00Z,0,14,20.1
Königsallee,2026-10-04T13:00:00Z,0,15,20.3
Königsallee,2026-10-04T14:00:00Z,0,16,19.9
Königsallee,2026-10-04T15:00:00Z,0,16,19.2
Königsallee,2026-10-04T16:00:00Z,0,16,18.2
Königsallee,2026-10-04T17:00:00Z,0,16,17.3
Königsallee,2026-10-04T18:00:00Z,0,16,16.4
Königsallee,2026-10-04T19:00:00Z,0,15,15.7
Königsallee,2026-10-04T20:00:00Z,0,13,14.8
Königsallee,2026-10-04T21:00:00Z,0,12,13.9
Königsallee,2026-10-04T22:00:00Z,0,11,13
Königsallee,2026-10-04T23:00:00Z,0,9,12.3
Königsallee,2026-10-05T00:00:00Z,0,8,11.6
Königsallee,2026-10-05T01:00:00Z,0,7,11
Königsallee,2026-10-05T02:00:00Z,0,7,10.4
Königsallee,2026-10-05T03:00:00Z,0,7,9.8
Königsallee,2026-10-05T04:00:00Z,0,7,9.5
Königsallee,2026-10-05T05:00:00Z,0,7,9.4
Königsallee,2026-10-05T06:00:00Z,0,8,9.9
Königsallee,2026-10-05T07:00:00Z,0,9,11.1
Königsallee,2026-10-05T08:00:00Z,0,10,12.9
Königsallee,2026-10-05T09:00:00Z,0,11,15.1
Königsallee,2026-10-05T10:00:00Z,0,12,17.3
Königsallee,2026-10-05T11:00:00Z,0,13,19.1
Königsallee,2026-10-05T12:00:00Z,0,14,20.1
Königsallee,2026-10-05T13:00:00Z,0,14,20.3
Königsallee,2026-10-05T14:00:00Z,0,14,19.9
Königsallee,2026-10-05T15:00:00Z,0,13,19.2
Königsallee,2026-10-05T16:00:00Z,0,12,18.2
Königsallee,2026-10-05T17:00:00Z,0,11,17.2
Königsallee,2026-10-05T18:00:00Z,0,10,16.4
Königsallee,2026-10-05T19:00:00Z,0,9,15.7
Königsallee,2026-10-05T20:00:00Z,0,7,14.9
Königsallee,2026-10-05T21:00:00Z,0,6,14.1
Wasserbaulabor 2,2026-09-28T22:00:00Z,0,0,19.9
Wasserbaulabor 2,2026-09-28T23:00:00Z,0,0,19.3
Wasserbaulabor 2,2026-09-29T00:00:00Z,0,0,18.9
Wasserbaulabor 2,2026-09-29T01:00:00Z,0,0,18.7
Wasserbaulabor 2,2026-09-29T02:00:00Z,0,0,18.5
Wasserbaulabor 2,2026-09-29T03:00:00Z,0,0,18.4
Wasserbaulabor 2,2026-09-29T04:00:00Z,0,0,18.2
Wasserbaulabor 2,2026-09-29T05:00:00Z,0,0,18
Wasserbaulabor 2,2026-09-29T06:00:00Z,0,0,18.4
Wasserbaulabor 2,2026-09-29T07:00:00Z,0,0,19.3
Wasserbaulabor 2,2026-09-29T08:00:00Z,0,0,21.7
Wasserbaulabor 2,2026-09-29T09:00:00Z,0,0,24
Wasserbaulabor 2,2026-09-29T10:00:00Z,0,0,25.7
Wasserbaulabor 2,2026-09-29T11:00:00Z,0,0,26.7
Wasserbaulabor 2,2026-09-29T12:00:00Z,0,0,26.5
Wasserbaulabor 2,2026-09-29T13:00:00Z,0,0,27.1
Wasserbaulabor 2,2026-09-29T14:00:00Z,0,0,27.3
Wasserbaulabor 2,2026-09-29T15:00:00Z,0,0,27
Wasserbaulabor 2,2026-09-29T16:00:00Z,0,0,26.4
Wasserbaulabor 2,2026-09-29T17:00:00Z,0,0,24.7
Wasserbaulabor 2,2026-09-29T18:00:00Z,0,0,23.1
Wasserbaulabor 2,2026-09-29T19:00:00Z,0,0,22.3
Wasserbaulabor 2,2026-09-29T20:00:00Z,0,0,22
Wasserbaulabor 2,2026-09-29T21:00:00Z,0,0,22.4
Wasserbaulabor 2,2026-09-29T22:00:00Z,0,0,22.7
Wasserbaulabor 2,2026-09-29T23:00:00Z,0,0,22.5
Wasserbaulabor 2,2026-09-30T00:00:00Z,0,0,21.5
Wasserbaulabor 2,2026-09-30T01:00:00Z,0,0,20.5
Wasserbaulabor 2,2026-09-30T02:00:00Z,0,0,19.8
Wasserbaulabor 2,2026-09-30T03:00:00Z,0,0,19.2
Wasserbaulabor 2,2026-09-30T04:00:00Z,0,0,19.1
Wasserbaulabor 2,2026-09-30T05:00:00Z,0,0,19
Wasserbaulabor 2,2026-09-30T06:00:00Z,0,0,19.6
Wasserbaulabor 2,2026-09-30T07:00:00Z,0,0,21.1
Wasserbaulabor 2,2026-09-30T08:00:00Z,0,0,23
Wasserbaulabor 2,2026-09-30T09:00:00Z,0,0,24.8
Wasserbaulabor 2,2026-09-30T10:00:00Z,0,0,25.9
Wasserbaulabor 2,2026-09-30T11:00:00Z,0,0,26.4
Wasserbaulabor 2,2026-09-30T12:00:00Z,0,0,25.7
Wasserbaulabor 2,2026-09-30T13:00:00Z,0,1,27.2
Wasserbaulabor 2,2026-09-30T14:00:00Z,0,1,27.8
Wasserbaulabor 2,2026-09-30T15:00:00Z,0,2,28.1
Wasserbaulabor 2,2026-09-30T16:00:00Z,0,3,27.7
Wasserbaulabor 2,2026-09-30T17:00:00Z,0,3,26.3
Wasserbaulabor 2,2026-09-30T18:00:00Z,0,4,25.3
Wasserbaulabor 2,2026-09-30T19:00:00Z,0,4,24.7
Wasserbaulabor 2,2026-09-30T20:00:00Z,0,4,24.1
Wasserbaulabor 2,2026-09-30T21:00:00Z,0,4,23.8
Wasserbaulabor 2,2026-09-30T22:00:00Z,0,4,23
Wasserbaulabor 2,2026-09-30T23:00:00Z,0,4,22.4
Wasserbaulabor 2,2026-10-01T00:00:00Z,0,8,22.3
Wasserbaulabor 2,2026-10-01T01:00:00Z,0,20,22
Wasserbaulabor 2,2026-10-01T02:00:00Z,0,36,21.5
Wasserbaulabor 2,2026-10-01T03:00:00Z,0,51,21.5
Wasserbaulabor 2,2026-10-01T04:00:00Z,0.1,62,21.1
Wasserbaulabor 2,2026-10-01T05:00:00Z,0.2,72,19.7
Wasserbaulabor 2,2026-10-01T06:00:00Z,0.03,78,19.3
Wasserbaulabor 2,2026-10-01T07:00:00Z,0.15,79,19.1
Wasserbaulabor 2,2026-10-01T08:00:00Z,0.55,77,18.4
Wasserbaulabor 2,2026-10-01T09:00:00Z,1.7,73,17.1
Wasserbaulabor 2,2026-10-01T10:00:00Z,1.2,69,17.7
Wasserbaulabor 2,2026-10-01T11:00:00Z,1.7,63,18
Wasserbaulabor 2,2026-10-01T12:00:00Z,2.1,59,17.8
Wasserbaulabor 2,2026-10-01T13:00:00Z,0.5,57,18.4
Wasserbaulabor 2,2026-10-01T14:00:00Z,0.3,56,18.3
Wasserbaulabor 2,2026-10-01T15:00:00Z,0.2,55,18.1
Wasserbaulabor 2,2026-10-01T16:00:00Z,0.3,55,17.4
Wasserbaulabor 2,2026-10-01T17:00:00Z,0.2,56,16.9
Wasserbaulabor 2,2026-10-01T18:00:00Z,1.2,53,16.6
Wasserbaulabor 2,2026-10-01T19:00:00Z,0.1,45,16.1
Wasserbaulabor 2,2026-10-01T20:00:00Z,0,34,15.9
Wasserbaulabor 2,2026-10-01T21:00:00Z,0,24,15.5
Wasserbaulabor 2,2026-10-01T22:00:00Z,0,18,15.6
Wasserbaulabor 2,2026-10-01T23:00:00Z,0,13,15.2
Wasserbaulabor 2,2026-10-02T00:00:00Z,0,10,14.9
Wasserbaulabor 2,2026-10-02T01:00:00Z,0,9,14.6
Wasserbaulabor 2,2026-10-02T02:00:00Z,0,9,14.4
Wasserbaulabor 2,2026-10-02T03:00:00Z,0,10,14.1
Wasserbaulabor 2,2026-10-02T04:00:00Z,0,10,13.7
Wasserbaulabor 2,2026-10-02T05:00:00Z,0,10,13.4
Wasserbaulabor 2,2026-10-02T06:00:00Z,0,10,13.5
Wasserbaulabor 2,2026-10-02T07:00:00Z,0,10,13.9
Wasserbaulabor 2,2026-10-02T08:00:00Z,0,10,14.5
Wasserbaulabor 2,2026-10-02T09:00:00Z,0,10,15.4
Wasserbaulabor 2,2026-10-02T10:00:00Z,0,9,16.5
Wasserbaulabor 2,2026-10-02T11:00:00Z,0,9,17.8
Wasserbaulabor 2,2026-10-02T12:00:00Z,0,8,18.7
Wasserbaulabor 2,2026-10-02T13:00:00Z,0,8,19
Wasserbaulabor 2,2026-10-02T14:00:00Z,0,8,19
Wasserbaulabor 2,2026-10-02T15:00:00Z,0,8,18.6
Wasserbaulabor 2,2026-10-02T16:00:00Z,0,7,17.7
Wasserbaulabor 2,2026-10-02T17:00:00Z,0,5,16.5
Wasserbaulabor 2,2026-10-02T18:00:00Z,0,4,15.4
Wasserbaulabor 2,2026-10-02T19:00:00Z,0,4,14.7
Wasserbaulabor 2,2026-10-02T20:00:00Z,0,4,14.1
Wasserbaulabor 2,2026-10-02T21:00:00Z,0,4,13.6
Wasserbaulabor 2,2026-10-02T22:00:00Z,0,5,13
Wasserbaulabor 2,2026-10-02T23:00:00Z,0,7,12.4
Wasserbaulabor 2,2026-10-03T00:00:00Z,0,8,11.9
Wasserbaulabor 2,2026-10-03T01:00:00Z,0,8,11.5
Wasserbaulabor 2,2026-10-03T02:00:00Z,0,8,11
Wasserbaulabor 2,2026-10-03T03:00:00Z,0,8,10.7
Wasserbaulabor 2,2026-10-03T04:00:00Z,0,8,10.2
Wasserbaulabor 2,2026-10-03T05:00:00Z,0,8,9.7
Wasserbaulabor 2,2026-10-03T06:00:00Z,0,8,10
Wasserbaulabor 2,2026-10-03T07:00:00Z,0,9,11.6
Wasserbaulabor 2,2026-10-03T08:00:00Z,0,10,13.9
Wasserbaulabor 2,2026-10-03T09:00:00Z,0,10,15.9
Wasserbaulabor 2,2026-10-03T10:00:00Z,0,9,17.3
Wasserbaulabor 2,2026-10-03T11:00:00Z,0,8,18.5
Wasserbaulabor 2,2026-10-03T12:00:00Z,0,8,19.3
Wasserbaulabor 2,2026-10-03T13:00:00Z,0,12,19.7
Wasserbaulabor 2,2026-10-03T14:00:00Z,0,17,19.8
Wasserbaulabor 2,2026-10-03T15:00:00Z,0,20,19.4
Wasserbaulabor 2,2026-10-03T16:00:00Z,0,20,18.3
Wasserbaulabor 2,2026-10-03T17:00:00Z,0,18,16.8
Wasserbaulabor 2,2026-10-03T18:00:00Z,0,16,15.5
Wasserbaulabor 2,2026-10-03T19:00:00Z,0,16,14.8
Wasserbaulabor 2,2026-10-03T20:00:00Z,0,16,14.3
Wasserbaulabor 2,2026-10-03T21:00:00Z,0,16,13.9
Wasserbaulabor 2,2026-10-03T22:00:00Z,0,15,13.3
Wasserbaulabor 2,2026-10-03T23:00:00Z,0,13,12.8
Wasserbaulabor 2,2026-10-04T00:00:00Z,0,12,12.3
Wasserbaulabor 2,2026-10-04T01:00:00Z,0,12,11.8
Wasserbaulabor 2,2026-10-04T02:00:00Z,0,13,11.4
Wasserbaulabor 2,2026-10-04T03:00:00Z,0,14,11
Wasserbaulabor 2,2026-10-04T04:00:00Z,0,16,10.5
Wasserbaulabor 2,2026-10-04T05:00:00Z,0,17,9.9
Wasserbaulabor 2,2026-10-04T06:00:00Z,0,18,10.2
Wasserbaulabor 2,2026-10-04T07:00:00Z,0,16,11.7
Wasserbaulabor 2,2026-10-04T08:00:00Z,0,13,14
Wasserbaulabor 2,2026-10-04T09:00:00Z,0,11,16.1
Wasserbaulabor 2,2026-10-04T10:00:00Z,0,11,17.3
Wasserbaulabor 2,2026-10-04T11:00:00Z,0,13,19
Wasserbaulabor 2,2026-10-04T12:00:00Z,0,14,20
Wasserbaulabor 2,2026-10-04T13:00:00Z,0,15,20
Wasserbaulabor 2,2026-10-04T14:00:00Z,0,16,19.5
Wasserbaulabor 2,2026-10-04T15:00:00Z,0,16,18.5
Wasserbaulabor 2,2026-10-04T16:00:00Z,0,16,17.4
Wasserbaulabor 2,2026-10-04T17:00:00Z,0,16,16.2
Wasserbaulabor 2,2026-10-04T18:00:00Z,0,16,15.3
Wasserbaulabor 2,2026-10-04T19:00:00Z,0,15,14.6
Wasserbaulabor 2,2026-10-04T20:00:00Z,0,13,13.8
Wasserbaulabor 2,2026-10-04T21:00:00Z,0,12,13
Wasserbaulabor 2,2026-10-04T22:00:00Z,0,11,12.3
Wasserbaulabor 2,2026-10-04T23:00:00Z,0,9,11.6
Wasserbaulabor 2,2026-10-05T00:00:00Z,0,8,11.1
Wasserbaulabor 2,2026-10-05T01:00:00Z,0,7,10.6
Wasserbaulabor 2,2026-10-05T02:00:00Z,0,7,10.1
Wasserbaulabor 2,2026-10-05T03:00:00Z,0,7,9.6
Wasserbaulabor 2,2026-10-05T04:00:00Z,0,7,9.4
Wasserbaulabor 2,2026-10-05T05:00:00Z,0,7,9.4
Wasserbaulabor 2,2026-10-05T06:00:00Z,0,8,9.9
Wasserbaulabor 2,2026-10-05T07:00:00Z,0,9,11.2
Wasserbaulabor 2,2026-10-05T08:00:00Z,0,10,13.1
Wasserbaulabor 2,2026-10-05T09:00:00Z,0,11,15.3
Wasserbaulabor 2,2026-10-05T10:00:00Z,0,12,17.5
Wasserbaulabor 2,2026-10-05T11:00:00Z,0,13,19.3
Wasserbaulabor 2,2026-10-05T12:00:00Z,0,14,20.3
Wasserbaulabor 2,2026-10-05T13:00:00Z,0,14,20.4
Wasserbaulabor 2,2026-10-05T14:00:00Z,0,14,19.9
Wasserbaulabor 2,2026-10-05T15:00:00Z,0,13,19
Wasserbaulabor 2,2026-10-05T16:00:00Z,0,12,17.9
Wasserbaulabor 2,2026-10-05T17:00:00Z,0,11,16.8
Wasserbaulabor 2,2026-10-05T18:00:00Z,0,10,15.9
Wasserbaulabor 2,2026-10-05T19:00:00Z,0,9,15.2
Wasserbaulabor 2,2026-10-05T20:00:00Z,0,7,14.4
Wasserbaulabor 2,2026-10-05T21:00:00Z,0,6,13.6
Herzogstraße,2026-09-28T22:00:00Z,0,0,20.6
Herzogstraße,2026-09-28T23:00:00Z,0,0,20.3
Herzogstraße,2026-09-29T00:00:00Z,0,0,20.1
Herzogstraße,2026-09-29T01:00:00Z,0,0,19.9
Herzogstraße,2026-09-29T02:00:00Z,0,0,19.7
Herzogstraße,2026-09-29T03:00:00Z,0,0,19.4
Herzogstraße,2026-09-29T04:00:00Z,0,0,19.1
Herzogstraße,2026-09-29T05:00:00Z,0,0,19
Herzogstraße,2026-09-29T06:00:00Z,0,0,19.6
Herzogstraße,2026-09-29T07:00:00Z,0,0,20.9
Herzogstraße,2026-09-29T08:00:00Z,0,0,22.6
Herzogstraße,2026-09-29T09:00:00Z,0,0,24.7
Herzogstraße,2026-09-29T10:00:00Z,0,0,26.6
Herzogstraße,2026-09-29T11:00:00Z,0,0,27.5
Herzogstraße,2026-09-29T12:00:00Z,0,0,27.3
Herzogstraße,2026-09-29T13:00:00Z,0,0,27.2
Herzogstraße,2026-09-29T14:00:00Z,0,0,27.8
Herzogstraße,2026-09-29T15:00:00Z,0,0,27.9
Herzogstraße,2026-09-29T16:00:00Z,0,0,27.5
Herzogstraße,2026-09-29T17:00:00Z,0,0,26.1
Herzogstraße,2026-09-29T18:00:00Z,0,0,24.7
Herzogstraße,2026-09-29T19:00:00Z,0,0,24.1
Herzogstraße,2026-09-29T20:00:00Z,0,0,23.6
Herzogstraße,2026-09-29T21:00:00Z,0,0,23.7
Herzogstraße,2026-09-29T22:00:00Z,0,0,23.8
Herzogstraße,2026-09-29T23:00:00Z,0,0,23.7
Herzogstraße,2026-09-30T00:00:00Z,0,0,22.9
Herzogstraße,2026-09-30T01:00:00Z,0,0,22.4
Herzogstraße,2026-09-30T02:00:00Z,0,0,21.8
Herzogstraße,2026-09-30T03:00:00Z,0,0,21.3
Herzogstraße,2026-09-30T04:00:00Z,0,0,21.2
Herzogstraße,2026-09-30T05:00:00Z,0,0,21.2
Herzogstraße,2026-09-30T06:00:00Z,0,0,21.7
Herzogstraße,2026-09-30T07:00:00Z,0,0,22.6
Herzogstraße,2026-09-30T08:00:00Z,0,0,24
Herzogstraße,2026-09-30T09:00:00Z,0,0,25.5
Herzogstraße,2026-09-30T10:00:00Z,0,0,26.7
Herzogstraße,2026-09-30T11:00:00Z,0,0,27.1
Herzogstraße,2026-09-30T12:00:00Z,0,0,27.2
Herzogstraße,2026-09-30T13:00:00Z,0,1,28
Herzogstraße,2026-09-30T14:00:00Z,0,1,28.4
Herzogstraße,2026-09-30T15:00:00Z,0,2,28.7
Herzogstraße,2026-09-30T16:00:00Z,0,3,28.5
Herzogstraße,2026-09-30T17:00:00Z,0,3,28
Herzogstraße,2026-09-30T18:00:00Z,0,4,26.7
Herzogstraße,2026-09-30T19:00:00Z,0,4,26.4
Herzogstraße,2026-09-30T20:00:00Z,0,4,25.3
Herzogstraße,2026-09-30T21:00:00Z,0,4,24.8
Herzogstraße,2026-09-30T22:00:00Z,0.1,4,24.2
Herzogstraße,2026-09-30T23:00:00Z,0,4,23.9
Herzogstraße,2026-10-01T00:00:00Z,0,8,23.6
Herzogstraße,2026-10-01T01:00:00Z,0,20,23.3
Herzogstraße,2026-10-01T02:00:00Z,0,36,23.4
Herzogstraße,2026-10-01T03:00:00Z,0,51,22.5
Herzogstraße,2026-10-01T04:00:00Z,0,62,22.1
Herzogstraße,2026-10-01T05:00:00Z,0.1,72,21.3
Herzogstraße,2026-10-01T06:00:00Z,0.1,78,20.5
Herzogstraße,2026-10-01T07:00:00Z,0.1,79,19.9
Herzogstraße,2026-10-01T08:00:00Z,0.18,77,19.6
Herzogstraße,2026-10-01T09:00:00Z,0.7,73,18.4
Herzogstraße,2026-10-01T10:00:00Z,1,69,18.5
Herzogstraße,2026-10-01T11:00:00Z,2,63,18.2
Herzogstraße,2026-10-01T12:00:00Z,2.5,59,18.2
Herzogstraße,2026-10-01T13:00:00Z,0.4,57,18.8
Herzogstraße,2026-10-01T14:00:00Z,0.2,56,18.8
Herzogstraße,2026-10-01T15:00:00Z,0.1,55,18.4
Herzogstraße,2026-10-01T16:00:00Z,0.3,55,17.8
Herzogstraße,2026-10-01T17:00:00Z,0.5,56,17.3
Herzogstraße,2026-10-01T18:00:00Z,1.1,53,17
Herzogstraße,2026-10-01T19:00:00Z,0.1,45,16.4
Herzogstraße,2026-10-01T20:00:00Z,0,34,16.1
Herzogstraße,2026-10-01T21:00:00Z,0,24,15.5
Herzogstraße,2026-10-01T22:00:00Z,0,18,15.4
Herzogstraße,2026-10-01T23:00:00Z,0,13,15.1
Herzogstraße,2026-10-02T00:00:00Z,0,10,14.9
Herzogstraße,2026-10-02T01:00:00Z,0,9,14.5
Herzogstraße,2026-10-02T02:00:00Z,0,9,14.3
Herzogstraße,2026-10-02T03:00:00Z,0,10,13.9
Herzogstraße,2026-10-02T04:00:00Z,0,10,13.9
Herzogstraße,2026-10-02T05:00:00Z,0,10,13.8
Herzogstraße,2026-10-02T06:00:00Z,0,10,13.9
Herzogstraße,2026-10-02T07:00:00Z,0,10,14.3
Herzogstraße,2026-10-02T08:00:00Z,0,10,14.8
Herzogstraße,2026-10-02T09:00:00Z,0,10,15.5
Herzogstraße,2026-10-02T10:00:00Z,0,9,16.6
Herzogstraße,2026-10-02T11:00:00Z,0,9,17.9
Herzogstraße,2026-10-02T12:00:00Z,0,8,18.9
Herzogstraße,2026-10-02T13:00:00Z,0,8,19.3
Herzogstraße,2026-10-02T14:00:00Z,0,8,19.3
Herzogstraße,2026-10-02T15:00:00Z,0,8,19.1
Herzogstraße,2026-10-02T16:00:00Z,0,7,18.4
Herzogstraße,2026-10-02T17:00:00Z,0,5,17.3
Herzogstraße,2026-10-02T18:00:00Z,0,4,16.4
Herzogstraße,2026-10-02T19:00:00Z,0,4,15.6
Herzogstraße,2026-10-02T20:00:00Z,0,4,14.9
Herzogstraße,2026-10-02T21:00:00Z,0,4,14.2
Herzogstraße,2026-10-02T22:00:00Z,0,5,13.5
Herzogstraße,2026-10-02T23:00:00Z,0,7,12.8
Herzogstraße,2026-10-03T00:00:00Z,0,8,12.2
Herzogstraße,2026-10-03T01:00:00Z,0,8,11.7
Herzogstraße,2026-10-03T02:00:00Z,0,8,11.2
Herzogstraße,2026-10-03T03:00:00Z,0,8,10.8
Herzogstraße,2026-10-03T04:00:00Z,0,8,10.1
Herzogstraße,2026-10-03T05:00:00Z,0,8,9.5
Herzogstraße,2026-10-03T06:00:00Z,0,8,9.6
Herzogstraße,2026-10-03T07:00:00Z,0,9,11.1
Herzogstraße,2026-10-03T08:00:00Z,0,10,13.4
Herzogstraße,2026-10-03T09:00:00Z,0,10,15.5
Herzogstraße,2026-10-03T10:00:00Z,0,9,17.1
Herzogstraße,2026-10-03T11:00:00Z,0,8,18.5
Herzogstraße,2026-10-03T12:00:00Z,0,8,19.5
Herzogstraße,2026-10-03T13:00:00Z,0,12,19.9
Herzogstraße,2026-10-03T14:00:00Z,0,17,19.9
Herzogstraße,2026-10-03T15:00:00Z,0,20,19.5
Herzogstraße,2026-10-03T16:00:00Z,0,20,18.6
Herzogstraße,2026-10-03T17:00:00Z,0,18,17.5
Herzogstraße,2026-10-03T18:00:00Z,0,16,16.4
Herzogstraße,2026-10-03T19:00:00Z,0,16,15.6
Herzogstraße,2026-10-03T20:00:00Z,0,16,14.9
Herzogstraße,2026-10-03T21:00:00Z,0,16,14.3
Herzogstraße,2026-10-03T22:00:00Z,0,15,13.8
Herzogstraße,2026-10-03T23:00:00Z,0,13,13.2
Herzogstraße,2026-10-04T00:00:00Z,0,12,12.8
Herzogstraße,2026-10-04T01:00:00Z,0,12,12.3
Herzogstraße,2026-10-04T02:00:00Z,0,13,11.9
Herzogstraße,2026-10-04T03:00:00Z,0,14,11.5
Herzogstraße,2026-10-04T04:00:00Z,0,16,11
Herzogstraße,2026-10-04T05:00:00Z,0,17,10.4
Herzogstraße,2026-10-04T06:00:00Z,0,18,10.6
Herzogstraße,2026-10-04T07:00:00Z,0,16,11.9
Herzogstraße,2026-10-04T08:00:00Z,0,13,13.8
Herzogstraße,2026-10-04T09:00:00Z,0,11,15.7
Herzogstraße,2026-10-04T10:00:00Z,0,11,17.5
Herzogstraße,2026-10-04T11:00:00Z,0,13,19.2
Herzogstraße,2026-10-04T12:00:00Z,0,14,20.1
Herzogstraße,2026-10-04T13:00:00Z,0,15,20.3
Herzogstraße,2026-10-04T14:00:00Z,0,16,19.9
Herzogstraße,2026-10-04T15:00:00Z,0,16,19.2
Herzogstraße,2026-10-04T16:00:00Z,0,16,18.2
Herzogstraße,2026-10-04T17:00:00Z,0,16,17.3
Herzogstraße,2026-10-04T18:00:00Z,0,16,16.4
Herzogstraße,2026-10-04T19:00:00Z,0,15,15.7
Herzogstraße,2026-10-04T20:00:00Z,0,13,14.8
Herzogstraße,2026-10-04T21:00:00Z,0,12,13.9
Herzogstraße,2026-10-04T22:00:00Z,0,11,13
Herzogstraße,2026-10-04T23:00:00Z,0,9,12.3
Herzogstraße,2026-10-05T00:00:00Z,0,8,11.6
Herzogstraße,2026-10-05T01:00:00Z,0,7,11
Herzogstraße,2026-10-05T02:00:00Z,0,7,10.4
Herzogstraße,2026-10-05T03:00:00Z,0,7,9.8
Herzogstraße,2026-10-05T04:00:00Z,0,7,9.5
Herzogstraße,2026-10-05T05:00:00Z,0,7,9.4
Herzogstraße,2026-10-05T06:00:00Z,0,8,9.9
Herzogstraße,2026-10-05T07:00:00Z,0,9,11.1
Herzogstraße,2026-10-05T08:00:00Z,0,10,12.9
Herzogstraße,2026-10-05T09:00:00Z,0,11,15.1
Herzogstraße,2026-10-05T10:00:00Z,0,12,17.3
Herzogstraße,2026-10-05T11:00:00Z,0,13,19.1
Herzogstraße,2026-10-05T12:00:00Z,0,14,20.1
Herzogstraße,2026-10-05T13:00:00Z,0,14,20.3
Herzogstraße,2026-10-05T14:00:00Z,0,14,19.9
Herzogstraße,2026-10-05T15:00:00Z,0,13,19.2
Herzogstraße,2026-10-05T16:00:00Z,0,12,18.2
Herzogstraße,2026-10-05T17:00:00Z,0,11,17.2
Herzogstraße,2026-10-05T18:00:00Z,0,10,16.4
Herzogstraße,2026-10-05T19:00:00Z,0,9,15.7
Herzogstraße,2026-10-05T20:00:00Z,0,7,14.9
Herzogstraße,2026-10-05T21:00:00Z,0,6,14.1
