"station","start_time","end_time","peak_level_cm","peak_time","duration_min","avg_gradient_cm_min","event_type","points_count","total_precip_mm","max_intensity_mm_h","openmeteo_verified","dwd_risk_level","radolan_verified"
"Wasserbaulabor_2","2025/02/22 00:30:00","2025/02/22 02:15:00",19.4,"2025/02/22 00:45:00",105,1.285,"Sturzflut-Ereignis",4,0,0,NA,"Level 0 – Kein nennenswerter Regen",FALSE
"Wasserbaulabor_2","2025/02/22 08:30:00","2025/02/22 09:15:00",19.6,"2025/02/22 09:00:00",45,0.651,"Sturzflut-Ereignis",4,NA,NA,NA,NA,NA
"Wasserbaulabor_2","2025/02/22 19:15:00","2025/02/22 21:00:00",20.4,"2025/02/22 20:30:00",105,0.272,"Regenereignis / Natürlich",6,NA,NA,NA,NA,NA
"Wasserbaulabor_2","2025/02/25 03:45:00","2025/02/25 05:00:00",20.7,"2025/02/25 04:45:00",75,0.344,"Regenereignis / Natürlich",4,0,0,NA,"Level 0 – Kein nennenswerter Regen",FALSE
"Wasserbaulabor_2","2025/02/26 21:30:00","2025/02/27 00:00:00",29.2,"2025/02/26 23:45:00",150,0.216,"Regenereignis / Natürlich",10,0,0,NA,"Level 0 – Kein nennenswerter Regen",FALSE
"Wasserbaulabor_2","2025/02/26 21:45:00","2025/02/27 01:15:00",29.2,"2025/02/26 23:45:00",210,0.243,"Regenereignis / Natürlich",7,NA,NA,NA,NA,NA
"Wasserbaulabor_2","2025/03/05 22:15:00","2025/03/06 01:00:00",28.9,"2025/03/05 23:15:00",165,0.481,"Regenereignis / Natürlich",12,0,0,NA,"Level 0 – Kein nennenswerter Regen",FALSE
"An_der_Kost","2025/07/31 12:44:30","2025/07/31 15:25:00",0.5,"2025/07/31 13:10:00",160.5,0.02,"Leichter Regen / Unterhalb DWD-Schwelle",7,NA,NA,NA,NA,NA
"An_der_Kost","2025/08/30 09:18:30","2025/08/30 12:12:30",0.6,"2025/08/30 11:47:00",174,0.004,"Leichter Regen / Unterhalb DWD-Schwelle",12,NA,NA,NA,NA,NA
"An_der_Kost","2025/09/01 14:09:00","2025/09/01 19:53:30",0.3,"2025/09/01 16:31:00",344.5,0.002,"Leichter Regen / Unterhalb DWD-Schwelle",688,0.32,2.04,NA,NA,TRUE
"An_der_Kost","2025/09/02 08:38:00","2025/09/03 01:30:00",0.4,"2025/09/02 11:06:30",1012,0.003,"Leichter Regen / Unterhalb DWD-Schwelle",1211,0.08,0.72,NA,NA,TRUE
"Wasserbaulabor_2","2025/09/02 18:00:00","2025/09/02 21:30:00",0.8,"2025/09/02 20:45:00",210,0.005,"Leichter Regen / Unterhalb DWD-Schwelle",6,NA,NA,NA,NA,NA
"Wasserbaulabor_2","2025/09/04 00:15:00","2025/09/04 04:00:00",0.5,"2025/09/04 02:30:00",225,0.004,"Leichter Regen / Unterhalb DWD-Schwelle",8,NA,NA,NA,NA,NA
"An_der_Kost","2025/09/04 07:12:00","2025/09/04 22:35:00",0.3,"2025/09/04 09:22:00",923,0.002,"Leichter Regen / Unterhalb DWD-Schwelle",918,3.76,5.4,NA,NA,TRUE
"Wasserbaulabor_2","2025/09/04 17:45:00","2025/09/04 20:15:00",0.5,"2025/09/04 18:15:00",150,0.017,"Leichter Regen / Unterhalb DWD-Schwelle",6,NA,NA,NA,NA,NA
"An_der_Kost","2025/09/05 08:50:00","2025/09/05 16:28:00",0.3,"2025/09/05 08:55:00",458,0.059,"Leichter Regen / Unterhalb DWD-Schwelle",453,2.47,7.2,NA,NA,TRUE
"Wasserbaulabor_2","2025/09/06 09:30:00","2025/09/06 13:15:00",0.5,"2025/09/06 11:00:00",225,0.006,"Leichter Regen / Unterhalb DWD-Schwelle",6,NA,NA,NA,NA,NA
"Wasserbaulabor_2","2025/09/06 23:00:00","2025/09/07 03:00:00",0.5,"2025/09/06 23:45:00",240,0.011,"Leichter Regen / Unterhalb DWD-Schwelle",7,NA,NA,NA,NA,NA
"An_der_Kost","2025/09/09 02:54:00","2025/09/09 07:11:00",0.4,"2025/09/09 05:21:00",257,0.003,"Leichter Regen / Unterhalb DWD-Schwelle",258,6.15,9.48,NA,NA,TRUE
"An_der_Kost","2025/09/09 13:35:00","2025/09/09 21:53:00",0.3,"2025/09/09 14:25:00",498,0.006,"Leichter Regen / Unterhalb DWD-Schwelle",495,1.38,3,NA,NA,TRUE
"An_der_Kost","2025/09/13 06:56:00","2025/09/14 01:16:00",0.4,"2025/09/13 10:32:00",1100,0.002,"Leichter Regen / Unterhalb DWD-Schwelle",1097,6.45,14.4,NA,NA,TRUE
"An_der_Kost","2025/09/15 04:14:00","2025/09/15 16:29:00",0.8,"2025/09/15 10:02:00",735,0.002,"Leichter Regen / Unterhalb DWD-Schwelle",734,0.69,3.24,NA,NA,TRUE
"An_der_Kost","2025/09/15 04:22:00","2025/09/15 14:24:00",0.8,"2025/09/15 10:02:00",602,0.002,"Leichter Regen / Unterhalb DWD-Schwelle",601,0.69,3.24,NA,NA,TRUE
"Wasserstraße_Springorum","2025/09/19 10:50:00","2025/09/19 11:11:00",0.6,"2025/09/19 10:56:00",21,0.098,"Leichter Regen / Unterhalb DWD-Schwelle",6,NA,NA,NA,NA,NA
"Wasserstraße_Springorum","2025/09/19 18:19:00","2025/09/19 19:12:00",5,"2025/09/19 18:39:00",53,0.249,"Regenereignis / Natürlich",5,NA,NA,NA,NA,NA
"Königsallee_Springorum","2025/09/19 18:27:00","2025/09/19 19:01:00",0.6,"2025/09/19 18:43:00",34,0.037,"Leichter Regen / Unterhalb DWD-Schwelle",11,NA,NA,NA,NA,NA
"Königsallee_Springorum","2025/09/20 22:55:00","2025/09/21 10:34:00",1.3,"2025/09/21 00:49:00",699,0.011,"Leichter Regen / Unterhalb DWD-Schwelle",700,2.55,3.72,NA,NA,TRUE
"Königsallee_Springorum","2025/09/21 00:31:00","2025/09/21 08:46:00",1,"2025/09/21 00:49:00",495,0.055,"Leichter Regen / Unterhalb DWD-Schwelle",496,2.3,3.72,NA,NA,TRUE
"Wasserstraße_Springorum","2025/09/21 01:21:00","2025/09/21 05:59:00",7.5,"2025/09/21 05:10:00",278,0.033,"Regenereignis / Natürlich",279,1.07,3.72,NA,NA,TRUE
"Wasserstraße_Springorum","2025/09/21 07:09:00","2025/09/21 07:28:00",1,"2025/09/21 07:17:00",19,0.123,"Leichter Regen / Unterhalb DWD-Schwelle",8,1,0.9,TRUE,"Level 1 – Leichter Regen (0.5–15 mm/h)",NA
"Wasserstraße_Springorum","2025/09/21 07:16:00","2025/09/21 07:43:00",0.9,"2025/09/21 07:22:00",27,0.148,"Leichter Regen / Unterhalb DWD-Schwelle",28,2.14,3.72,NA,NA,TRUE
"Königsallee_Springorum","2025/09/21 10:09:00","2025/09/21 10:37:00",0.6,"2025/09/21 10:17:00",28,0.074,"Leichter Regen / Unterhalb DWD-Schwelle",5,1.7999999999999998,1.4,TRUE,"Level 1 – Leichter Regen (0.5–15 mm/h)",NA
"Königsallee_Springorum","2025/09/21 16:05:00","2025/09/21 17:09:00",0.5,"2025/09/21 16:36:00",64,0.016,"Leichter Regen / Unterhalb DWD-Schwelle",65,0.56,2.28,NA,NA,TRUE
"Königsallee_Springorum","2025/09/21 16:09:00","2025/09/21 16:53:00",0.6,"2025/09/21 16:40:00",44,0.019,"Leichter Regen / Unterhalb DWD-Schwelle",11,NA,NA,NA,NA,NA
"An_der_Kost","2025/09/21 17:09:00","2025/09/22 06:02:00",0.3,"2025/09/21 18:55:00",773,0.003,"Leichter Regen / Unterhalb DWD-Schwelle",774,0.37,1.56,NA,NA,TRUE
"Königsallee_Springorum","2025/09/21 18:32:00","2025/09/21 23:51:00",0.7,"2025/09/21 20:25:00",319,0.006,"Leichter Regen / Unterhalb DWD-Schwelle",320,0.56,2.28,NA,NA,TRUE
"Wasserstraße_Springorum","2025/09/21 22:07:00","2025/09/21 22:29:00",0.6,"2025/09/21 22:12:00",22,0.118,"Leichter Regen / Unterhalb DWD-Schwelle",4,NA,NA,NA,NA,NA
"Wasserstraße_Springorum","2025/09/21 23:31:00","2025/09/22 00:04:00",0.6,"2025/09/21 23:49:00",33,0.033,"Leichter Regen / Unterhalb DWD-Schwelle",6,NA,NA,NA,NA,NA
"Wasserstraße_Springorum","2025/09/22 04:38:00","2025/09/22 05:26:00",1.3,"2025/09/22 04:49:00",48,0.117,"Leichter Regen / Unterhalb DWD-Schwelle",7,NA,NA,NA,NA,NA
"An_der_Kost","2025/09/22 08:02:00","2025/09/22 20:02:00",0.3,"2025/09/22 10:17:00",720,0.002,"Leichter Regen / Unterhalb DWD-Schwelle",717,4.71,8.04,NA,NA,TRUE
"Wasserstraße_Springorum","2025/09/22 11:39:00","2025/09/22 12:25:00",0.6,"2025/09/22 11:51:00",46,0.05,"Leichter Regen / Unterhalb DWD-Schwelle",5,NA,NA,NA,NA,NA
"Wasserstraße_Springorum","2025/09/22 17:35:00","2025/09/22 17:50:00",0.8,"2025/09/22 17:41:00",15,0.131,"Leichter Regen / Unterhalb DWD-Schwelle",3,NA,NA,NA,NA,NA
"Königsallee_Springorum","2025/09/22 17:37:00","2025/09/22 18:49:00",0.6,"2025/09/22 18:07:00",72,0.02,"Leichter Regen / Unterhalb DWD-Schwelle",16,1.69,3.96,NA,"Level 1 – Leichter Regen (0.5–15 mm/h)",TRUE
"Wasserstraße_Springorum","2025/09/23 11:33:00","2025/09/23 12:28:00",0.8,"2025/09/23 12:08:00",55,0.023,"Leichter Regen / Unterhalb DWD-Schwelle",6,NA,NA,NA,NA,NA
"Wasserstraße_Springorum","2025/09/24 10:27:00","2025/09/24 10:59:00",0.6,"2025/09/24 10:37:00",32,0.059,"Leichter Regen / Unterhalb DWD-Schwelle",5,NA,NA,NA,NA,NA
"Königsallee_Springorum","2025/09/24 17:29:00","2025/09/24 19:42:00",0.6,"2025/09/24 18:06:00",133,0.016,"Leichter Regen / Unterhalb DWD-Schwelle",40,4.5,5.16,NA,"Level 1 – Leichter Regen (0.5–15 mm/h)",TRUE
"Wasserstraße_Springorum","2025/09/25 11:46:00","2025/09/25 12:46:00",0.7,"2025/09/25 12:29:00",60,0.016,"Leichter Regen / Unterhalb DWD-Schwelle",10,0.4,0.2,TRUE,"Level 0 – Kein nennenswerter Regen",NA
"Wasserstraße_Springorum","2025/09/26 07:48:00","2025/09/26 08:43:00",1.2,"2025/09/26 08:27:00",55,0.031,"Leichter Regen / Unterhalb DWD-Schwelle",8,NA,NA,NA,NA,NA
"Wasserstraße_Springorum","2025/09/26 15:18:00","2025/09/26 15:46:00",0.6,"2025/09/26 15:35:00",28,0.035,"Leichter Regen / Unterhalb DWD-Schwelle",3,NA,NA,NA,NA,NA
"Wasserstraße_Springorum","2025/09/26 16:16:00","2025/09/26 16:31:00",0.7,"2025/09/26 16:22:00",15,0.115,"Leichter Regen / Unterhalb DWD-Schwelle",3,NA,NA,NA,NA,NA
"An_der_Kost","2025/09/26 20:36:00","2025/09/26 22:50:00",0.3,"2025/09/26 21:43:00",134,0.004,"Leichter Regen / Unterhalb DWD-Schwelle",135,0.03,0.36,NA,NA,TRUE
"Wasserstraße_Springorum","2025/09/28 04:02:00","2025/09/28 04:17:00",0.9,"2025/09/28 04:13:00",15,0.081,"Leichter Regen / Unterhalb DWD-Schwelle",4,NA,NA,NA,NA,NA
"Wasserstraße_Springorum","2025/09/28 11:41:00","2025/09/28 12:25:00",3.5,"2025/09/28 11:54:00",44,0.267,"Sturzflut-Ereignis",5,NA,NA,NA,NA,NA
"Wasserstraße_Springorum","2025/09/29 07:35:00","2025/09/29 08:02:00",4.3,"2025/09/29 07:45:00",27,0.426,"Sturzflut-Ereignis",3,NA,NA,NA,NA,NA
"Wasserstraße_Springorum","2025/09/30 05:18:00","2025/09/30 06:02:00",3,"2025/09/30 05:42:00",44,0.124,"Sturzflut-Ereignis",5,0.1,0.1,TRUE,"Level 0 – Kein nennenswerter Regen",NA
"Wasserstraße_Springorum","2025/09/30 20:23:00","2025/09/30 20:38:00",0.6,"2025/09/30 20:34:00",15,0.054,"Leichter Regen / Unterhalb DWD-Schwelle",4,NA,NA,NA,NA,NA
"Wasserstraße_Springorum","2025/10/01 15:28:00","2025/10/01 15:45:00",4.9,"2025/10/01 15:40:00",17,0.405,"Sturzflut-Ereignis",3,NA,NA,NA,NA,NA
"Wasserstraße_Springorum","2025/10/02 20:09:00","2025/10/02 21:09:00",4.6,"2025/10/02 20:33:00",60,0.191,"Regenereignis / Natürlich",8,NA,NA,NA,NA,NA
"Wasserstraße_Springorum","2025/10/03 20:31:00","2025/10/03 20:56:00",0.7,"2025/10/03 20:50:00",25,0.037,"Leichter Regen / Unterhalb DWD-Schwelle",26,1.33,0.96,NA,NA,TRUE
"Königsallee_Springorum","2025/10/03 20:37:00","2025/10/04 04:18:00",0.9,"2025/10/04 00:26:00",461,0.004,"Leichter Regen / Unterhalb DWD-Schwelle",462,3.21,3.36,NA,NA,TRUE
"An_der_Kost","2025/10/03 22:55:00","2025/10/04 00:16:00",0.3,"2025/10/03 23:53:00",81,0.005,"Leichter Regen / Unterhalb DWD-Schwelle",82,1.34,1.2,NA,NA,TRUE
"Herzogstraße","2025/10/03 23:26:00","2025/10/03 23:46:00",1.5,"2025/10/03 23:33:00",20,0.211,"Leichter Regen / Unterhalb DWD-Schwelle",13,2.7,1.3,TRUE,"Level 1 – Leichter Regen (0.5–15 mm/h)",NA
"Königsallee_Springorum","2025/10/04 00:05:00","2025/10/04 02:31:00",0.9,"2025/10/04 00:26:00",146,0.043,"Leichter Regen / Unterhalb DWD-Schwelle",147,1.91,3.36,NA,NA,TRUE
"Königsallee_Springorum","2025/10/04 00:14:00","2025/10/04 02:26:00",0.9,"2025/10/04 00:26:00",132,0.074,"Leichter Regen / Unterhalb DWD-Schwelle",120,1.82,3.36,NA,"Level 1 – Leichter Regen (0.5–15 mm/h)",TRUE
"Königsallee_Springorum","2025/10/04 00:17:00","2025/10/04 00:58:00",0.5,"2025/10/04 00:27:00",41,0.05,"Leichter Regen / Unterhalb DWD-Schwelle",42,1.79,3.36,NA,NA,TRUE
"Königsallee_Springorum","2025/10/04 00:24:00","2025/10/04 00:48:00",0.7,"2025/10/04 00:27:00",24,0.226,"Leichter Regen / Unterhalb DWD-Schwelle",19,1.67,3.36,NA,"Level 1 – Leichter Regen (0.5–15 mm/h)",TRUE
"An_der_Kost","2025/10/04 05:41:00","2025/10/04 11:18:00",0.4,"2025/10/04 06:23:00",337,0.01,"Leichter Regen / Unterhalb DWD-Schwelle",336,6.39,10.92,NA,NA,TRUE
"Wasserstraße_Springorum","2025/10/04 13:06:00","2025/10/04 15:14:00",1.1,"2025/10/04 13:34:00",128,0.039,"Leichter Regen / Unterhalb DWD-Schwelle",45,0.62,1.68,NA,"Level 1 – Leichter Regen (0.5–15 mm/h)",TRUE
"Königsallee_Springorum","2025/10/05 02:21:00","2025/10/05 07:44:00",0.7,"2025/10/05 05:46:00",323,0.003,"Leichter Regen / Unterhalb DWD-Schwelle",324,0.19,2.16,NA,NA,TRUE
"Königsallee_Springorum","2025/10/07 05:16:00","2025/10/07 05:42:00",0.8,"2025/10/07 05:33:00",26,0.047,"Leichter Regen / Unterhalb DWD-Schwelle",11,NA,NA,NA,NA,NA
"Herzogstraße","2025/10/08 12:11:00","2025/10/08 15:36:00",29.2,"2025/10/08 12:47:00",205,0.809,"Sturzflut-Ereignis",144,NA,NA,NA,NA,NA
"Königsallee_Springorum","2025/10/09 04:11:00","2025/10/09 04:24:00",0.6,"2025/10/09 04:14:00",13,0.194,"Leichter Regen / Unterhalb DWD-Schwelle",6,0.4,0.3,TRUE,"Level 0 – Kein nennenswerter Regen",NA
"Königsallee_Springorum","2025/10/09 05:52:00","2025/10/09 06:22:00",0.6,"2025/10/09 06:07:00",30,0.04,"Leichter Regen / Unterhalb DWD-Schwelle",7,1,0.4,TRUE,"Level 0 – Kein nennenswerter Regen",NA
"Wasserstraße_Springorum","2025/10/09 11:39:00","2025/10/09 11:49:00",1.1,"2025/10/09 11:44:00",10,0.216,"Leichter Regen / Unterhalb DWD-Schwelle",8,NA,NA,NA,NA,NA
"Wasserstraße_Springorum","2025/10/10 04:45:00","2025/10/10 05:20:00",5,"2025/10/10 04:52:00",35,0.704,"Sturzflut-Ereignis",8,NA,NA,NA,NA,NA
"Herzogstraße","2025/10/10 05:39:00","2025/10/10 06:09:00",9.5,"2025/10/10 05:49:00",30,0.941,"Sturzflut-Ereignis",31,NA,NA,NA,NA,NA
"Wasserstraße_Springorum","2025/10/11 00:30:00","2025/10/11 00:53:00",0.6,"2025/10/11 00:45:00",23,0.04,"Leichter Regen / Unterhalb DWD-Schwelle",6,NA,NA,NA,NA,NA
"Wasserstraße_Springorum","2025/10/11 06:18:00","2025/10/11 06:54:00",1.3,"2025/10/11 06:30:00",36,0.107,"Leichter Regen / Unterhalb DWD-Schwelle",9,NA,NA,NA,NA,NA
"Wasserstraße_Springorum","2025/10/12 06:57:00","2025/10/12 07:36:00",5,"2025/10/12 07:19:00",39,0.226,"Sturzflut-Ereignis",12,0.1,0.1,TRUE,"Level 0 – Kein nennenswerter Regen",NA
"Königsallee_Springorum","2025/10/12 17:41:00","2025/10/12 20:03:00",0.5,"2025/10/12 18:14:00",142,0.015,"Leichter Regen / Unterhalb DWD-Schwelle",22,NA,NA,NA,NA,NA
"Wasserstraße_Springorum","2025/10/13 01:04:00","2025/10/13 01:24:00",1,"2025/10/13 01:20:00",20,0.062,"Leichter Regen / Unterhalb DWD-Schwelle",3,0.1,0.1,TRUE,"Level 0 – Kein nennenswerter Regen",NA
"Herzogstraße","2025/10/13 05:15:00","2025/10/13 07:26:00",38,"2025/10/13 06:02:00",131,0.807,"Sturzflut-Ereignis",81,NA,NA,NA,NA,NA
"Wasserstraße_Springorum","2025/10/13 15:37:00","2025/10/13 16:05:00",1.5,"2025/10/13 15:55:00",28,0.083,"Leichter Regen / Unterhalb DWD-Schwelle",5,NA,NA,NA,NA,NA
"Wasserstraße_Springorum","2025/10/14 02:56:00","2025/10/14 03:56:00",0.7,"2025/10/14 03:12:00",60,0.043,"Leichter Regen / Unterhalb DWD-Schwelle",12,NA,NA,NA,NA,NA
"Wasserstraße_Springorum","2025/10/14 04:17:00","2025/10/14 05:06:00",0.9,"2025/10/14 04:26:00",49,0.099,"Leichter Regen / Unterhalb DWD-Schwelle",8,NA,NA,NA,NA,NA
"Wasserstraße_Springorum","2025/10/15 10:40:00","2025/10/15 12:12:00",0.6,"2025/10/15 11:50:00",92,0.009,"Leichter Regen / Unterhalb DWD-Schwelle",7,NA,NA,NA,NA,NA
"Wasserstraße_Springorum","2025/10/15 18:39:00","2025/10/15 19:08:00",0.9,"2025/10/15 18:51:00",29,0.074,"Leichter Regen / Unterhalb DWD-Schwelle",4,NA,NA,NA,NA,NA
"Wasserstraße_Springorum","2025/10/16 04:28:00","2025/10/16 04:51:00",1.5,"2025/10/16 04:32:00",23,0.366,"Leichter Regen / Unterhalb DWD-Schwelle",8,NA,NA,NA,NA,NA
"Königsallee_Springorum","2025/10/16 14:35:00","2025/10/16 15:15:00",0.6,"2025/10/16 14:52:00",40,0.035,"Leichter Regen / Unterhalb DWD-Schwelle",7,0.2,0.2,TRUE,"Level 0 – Kein nennenswerter Regen",NA
"Königsallee_Springorum","2025/10/16 19:16:00","2025/10/16 19:38:00",1.2,"2025/10/16 19:35:00",22,0.063,"Leichter Regen / Unterhalb DWD-Schwelle",4,0.1,0.1,TRUE,"Level 0 – Kein nennenswerter Regen",NA
"Wasserstraße_Springorum","2025/10/17 17:28:00","2025/10/17 17:52:00",0.8,"2025/10/17 17:43:00",24,0.053,"Leichter Regen / Unterhalb DWD-Schwelle",5,NA,NA,NA,NA,NA
"Wasserstraße_Springorum","2025/10/17 19:17:00","2025/10/17 19:57:00",0.9,"2025/10/17 19:33:00",40,0.056,"Leichter Regen / Unterhalb DWD-Schwelle",8,NA,NA,NA,NA,NA
"Wasserstraße_Springorum","2025/10/18 00:22:00","2025/10/18 01:02:00",0.8,"2025/10/18 00:35:00",40,0.061,"Leichter Regen / Unterhalb DWD-Schwelle",5,0.1,0.1,TRUE,"Level 0 – Kein nennenswerter Regen",NA
"Wasserstraße_Springorum","2025/10/18 02:53:00","2025/10/18 03:23:00",1.1,"2025/10/18 03:17:00",30,0.046,"Leichter Regen / Unterhalb DWD-Schwelle",5,0.1,0.1,TRUE,"Level 0 – Kein nennenswerter Regen",NA
"Wasserstraße_Springorum","2025/10/18 03:59:00","2025/10/18 04:58:00",4.4,"2025/10/18 04:16:00",59,0.257,"Regenereignis / Natürlich",5,0.1,0.1,TRUE,"Level 0 – Kein nennenswerter Regen",NA
"Wasserstraße_Springorum","2025/10/18 13:47:00","2025/10/18 14:43:00",1.5,"2025/10/18 14:03:00",56,0.093,"Leichter Regen / Unterhalb DWD-Schwelle",9,NA,NA,NA,NA,NA
"Wasserstraße_Springorum","2025/10/18 23:20:00","2025/10/18 23:45:00",0.7,"2025/10/18 23:25:00",25,0.137,"Leichter Regen / Unterhalb DWD-Schwelle",5,NA,NA,NA,NA,NA
"Königsallee_Springorum","2025/10/21 06:23:00","2025/10/21 06:57:00",0.7,"2025/10/21 06:26:00",34,0.226,"Leichter Regen / Unterhalb DWD-Schwelle",4,1.6,1,TRUE,"Level 1 – Leichter Regen (0.5–15 mm/h)",NA
"Königsallee_Springorum","2025/10/22 21:55:00","2025/10/22 23:13:00",0.5,"2025/10/22 22:56:00",78,0.008,"Leichter Regen / Unterhalb DWD-Schwelle",7,NA,NA,NA,NA,NA
"Königsallee_Springorum","2025/10/23 01:27:00","2025/10/23 02:02:00",0.5,"2025/10/23 01:32:00",35,0.098,"Leichter Regen / Unterhalb DWD-Schwelle",36,1.4,7.56,NA,NA,TRUE
"An_der_Kost","2025/10/23 03:37:00","2025/10/23 03:47:00",0.5,"2025/10/23 03:40:00",10,0.161,"Leichter Regen / Unterhalb DWD-Schwelle",11,3.47,6.6,NA,NA,TRUE
"Herzogstraße","2025/10/23 04:14:00","2025/10/23 04:51:00",2.7,"2025/10/23 04:33:00",37,0.141,"Sturzflut-Ereignis",20,1.9,1.4,TRUE,"Level 1 – Leichter Regen (0.5–15 mm/h)",NA
"Königsallee_Springorum","2025/10/23 04:42:00","2025/10/23 04:49:00",0.6,"2025/10/23 04:45:00",7,0.194,"Leichter Regen / Unterhalb DWD-Schwelle",8,2.4,9.12,NA,NA,TRUE
"Herzogstraße","2025/10/23 05:37:00","2025/10/23 05:55:00",5.2,"2025/10/23 05:44:00",18,0.732,"Sturzflut-Ereignis",6,0.8,0.4,TRUE,"Level 0 – Kein nennenswerter Regen",NA
"Königsallee_Springorum","2025/10/23 06:34:00","2025/10/23 06:46:00",0.5,"2025/10/23 06:41:00",12,0.07,"Leichter Regen / Unterhalb DWD-Schwelle",13,0.88,7.08,NA,NA,TRUE
"Königsallee_Springorum","2025/10/23 13:31:00","2025/10/23 13:52:00",0.5,"2025/10/23 13:49:00",21,0.028,"Leichter Regen / Unterhalb DWD-Schwelle",20,0.11,0.6,NA,NA,TRUE
"Herzogstraße","2025/10/23 14:07:00","2025/10/23 14:22:00",2.1,"2025/10/23 14:11:00",15,0.512,"Sturzflut-Ereignis",4,0.6,0.5,TRUE,"Level 1 – Leichter Regen (0.5–15 mm/h)",NA
"Königsallee_Springorum","2025/10/23 15:30:00","2025/10/24 05:29:00",3.2,"2025/10/23 20:07:00",839,0.012,"Regenereignis / Natürlich",840,1.26,1.92,NA,NA,TRUE
"An_der_Kost","2025/10/23 16:51:00","2025/10/23 18:45:00",0.7,"2025/10/23 17:20:00",114,0.024,"Leichter Regen / Unterhalb DWD-Schwelle",115,0.52,2.4,NA,NA,TRUE
"An_der_Kost","2025/10/23 16:56:00","2025/10/23 17:42:00",0.5,"2025/10/23 17:20:00",46,0.021,"Leichter Regen / Unterhalb DWD-Schwelle",47,0.52,2.4,NA,NA,TRUE
"An_der_Kost","2025/10/23 16:58:00","2025/10/23 17:46:00",0.7,"2025/10/23 17:20:00",48,0.032,"Leichter Regen / Unterhalb DWD-Schwelle",49,0.52,2.4,NA,NA,TRUE
"An_der_Kost","2025/10/23 17:02:00","2025/10/23 17:45:00",0.7,"2025/10/23 17:17:00",43,0.046,"Leichter Regen / Unterhalb DWD-Schwelle",20,2.5,1.3,TRUE,"Level 1 – Leichter Regen (0.5–15 mm/h)",NA
"Königsallee_Springorum","2025/10/23 17:04:00","2025/10/24 00:39:00",3.1,"2025/10/23 20:07:00",455,0.017,"Regenereignis / Natürlich",456,0.26,1.32,NA,NA,TRUE
"Herzogstraße","2025/10/23 17:07:00","2025/10/23 17:28:00",1.6,"2025/10/23 17:20:00",21,0.122,"Leichter Regen / Unterhalb DWD-Schwelle",10,2.5,1.3,TRUE,"Level 1 – Leichter Regen (0.5–15 mm/h)",NA
"An_der_Kost","2025/10/23 17:14:00","2025/10/23 17:36:00",0.7,"2025/10/23 17:20:00",22,0.115,"Leichter Regen / Unterhalb DWD-Schwelle",18,0.52,2.4,NA,"Level 1 – Leichter Regen (0.5–15 mm/h)",TRUE
"Herzogstraße","2025/10/26 06:04:00","2025/10/26 06:19:00",1.4,"2025/10/26 06:15:00",15,0.126,"Leichter Regen / Unterhalb DWD-Schwelle",15,NA,NA,NA,NA,NA
"An_der_Kost","2025/10/26 06:51:00","2025/10/26 07:21:00",0.6,"2025/10/26 07:03:00",30,0.05,"Leichter Regen / Unterhalb DWD-Schwelle",6,NA,NA,NA,NA,NA
"Herzogstraße","2025/10/26 13:50:00","2025/10/26 14:11:00",1.9,"2025/10/26 14:06:00",21,0.118,"Leichter Regen / Unterhalb DWD-Schwelle",15,0.2,0.1,TRUE,"Level 0 – Kein nennenswerter Regen",NA
"Königsallee_Springorum","2025/10/26 22:17:00","2025/10/27 02:42:00",0.6,"2025/10/27 00:32:00",265,0.004,"Leichter Regen / Unterhalb DWD-Schwelle",266,0.71,0.96,NA,NA,TRUE
"Königsallee_Springorum","2025/10/27 00:28:00","2025/10/27 01:23:00",0.5,"2025/10/27 00:32:00",55,0.122,"Leichter Regen / Unterhalb DWD-Schwelle",56,0.51,0.96,NA,NA,TRUE
"An_der_Kost","2025/10/27 02:36:00","2025/10/27 02:59:00",0.6,"2025/10/27 02:50:00",23,0.043,"Leichter Regen / Unterhalb DWD-Schwelle",9,2.0999999999999996,1.4,TRUE,"Level 1 – Leichter Regen (0.5–15 mm/h)",NA
"An_der_Kost","2025/10/27 10:25:00","2025/10/27 10:53:00",0.7,"2025/10/27 10:41:00",28,0.043,"Leichter Regen / Unterhalb DWD-Schwelle",12,2,1.6,TRUE,"Level 1 – Leichter Regen (0.5–15 mm/h)",NA
"Königsallee_Springorum","2025/10/27 11:14:00","2025/10/28 01:20:00",0.8,"2025/10/27 17:13:00",846,0.002,"Leichter Regen / Unterhalb DWD-Schwelle",845,0.11,0.48,NA,NA,TRUE
"An_der_Kost","2025/10/28 06:47:00","2025/10/28 10:21:00",0.5,"2025/10/28 08:36:00",214,0.005,"Leichter Regen / Unterhalb DWD-Schwelle",213,0.47,1.2,NA,NA,TRUE
"Herzogstraße","2025/10/28 07:18:00","2025/10/28 07:38:00",1,"2025/10/28 07:34:00",20,0.062,"Leichter Regen / Unterhalb DWD-Schwelle",5,1.8,1.5,TRUE,"Level 1 – Leichter Regen (0.5–15 mm/h)",NA
"Herzogstraße","2025/10/28 08:03:00","2025/10/28 08:32:00",0.9,"2025/10/28 08:26:00",29,0.039,"Leichter Regen / Unterhalb DWD-Schwelle",10,1.8,1.5,TRUE,"Level 1 – Leichter Regen (0.5–15 mm/h)",NA
"An_der_Kost","2025/10/28 09:31:00","2025/10/28 10:19:00",0.6,"2025/10/28 10:05:00",48,0.018,"Leichter Regen / Unterhalb DWD-Schwelle",10,0.6,0.3,TRUE,"Level 0 – Kein nennenswerter Regen",NA
"Herzogstraße","2025/10/28 14:19:00","2025/10/28 14:44:00",1.4,"2025/10/28 14:32:00",25,0.107,"Leichter Regen / Unterhalb DWD-Schwelle",8,2.2,1.6,TRUE,"Level 1 – Leichter Regen (0.5–15 mm/h)",NA
"Königsallee_Springorum","2025/10/29 03:59:00","2025/10/29 04:09:00",0.6,"2025/10/29 04:02:00",10,0.194,"Leichter Regen / Unterhalb DWD-Schwelle",4,NA,NA,NA,NA,NA
"Wasserstraße_Springorum","2025/10/29 20:58:00","2025/10/29 21:17:00",1,"2025/10/29 21:01:00",19,0.323,"Leichter Regen / Unterhalb DWD-Schwelle",6,NA,NA,NA,NA,NA
"Königsallee_Springorum","2025/10/29 21:40:00","2025/10/29 22:08:00",0.8,"2025/10/29 21:44:00",28,0.195,"Leichter Regen / Unterhalb DWD-Schwelle",29,0.28,0.48,NA,NA,TRUE
"Königsallee_Springorum","2025/10/30 07:44:00","2025/10/30 08:14:00",0.8,"2025/10/30 07:58:00",30,0.057,"Leichter Regen / Unterhalb DWD-Schwelle",8,1.1,0.9,TRUE,"Level 1 – Leichter Regen (0.5–15 mm/h)",NA
"Herzogstraße","2025/10/31 06:32:00","2025/10/31 07:50:00",0.8,"2025/10/31 06:45:00",78,0.061,"Leichter Regen / Unterhalb DWD-Schwelle",10,NA,NA,NA,NA,NA
"Wasserstraße_Springorum","2025/10/31 13:25:00","2025/10/31 14:13:00",0.7,"2025/10/31 13:32:00",48,0.099,"Leichter Regen / Unterhalb DWD-Schwelle",10,NA,NA,NA,NA,NA
"Wasserstraße_Springorum","2025/10/31 16:10:00","2025/10/31 16:18:00",3,"2025/10/31 16:13:00",8,0.968,"Sturzflut-Ereignis",3,NA,NA,NA,NA,NA
"Wasserstraße_Springorum","2025/10/31 23:08:00","2025/10/31 23:54:00",0.8,"2025/10/31 23:37:00",46,0.027,"Leichter Regen / Unterhalb DWD-Schwelle",7,NA,NA,NA,NA,NA
"Wasserstraße_Springorum","2025/11/01 07:01:00","2025/11/01 08:18:00",0.5,"2025/11/01 07:28:00",77,0.018,"Leichter Regen / Unterhalb DWD-Schwelle",5,NA,NA,NA,NA,NA
"Herzogstraße","2025/11/01 12:17:00","2025/11/01 12:49:00",2.3,"2025/11/01 12:39:00",32,0.104,"Sturzflut-Ereignis",9,3.6,1.5,TRUE,"Level 1 – Leichter Regen (0.5–15 mm/h)",NA
"An_der_Kost","2025/11/01 13:12:00","2025/11/01 14:29:00",0.4,"2025/11/01 13:38:00",77,0.015,"Leichter Regen / Unterhalb DWD-Schwelle",78,0.93,3,NA,NA,TRUE
"Herzogstraße","2025/11/01 15:38:00","2025/11/01 16:07:00",1.1,"2025/11/01 15:48:00",29,0.109,"Leichter Regen / Unterhalb DWD-Schwelle",5,5.5,2,TRUE,"Level 1 – Leichter Regen (0.5–15 mm/h)",NA
"Wasserstraße_Springorum","2025/11/02 15:16:00","2025/11/02 23:09:00",6.1,"2025/11/02 18:13:00",473,0.034,"Regenereignis / Natürlich",474,3.14,7.44,NA,NA,TRUE
"Königsallee_Springorum","2025/11/03 12:05:00","2025/11/03 12:29:00",0.8,"2025/11/03 12:11:00",24,0.131,"Leichter Regen / Unterhalb DWD-Schwelle",3,NA,NA,NA,NA,NA
"Wasserstraße_Springorum","2025/11/04 21:16:00","2025/11/04 22:03:00",0.8,"2025/11/04 21:28:00",47,0.066,"Leichter Regen / Unterhalb DWD-Schwelle",5,NA,NA,NA,NA,NA
"Wasserstraße_Springorum","2025/11/04 23:15:00","2025/11/05 00:07:00",0.9,"2025/11/04 23:39:00",52,0.037,"Leichter Regen / Unterhalb DWD-Schwelle",13,NA,NA,NA,NA,NA
"Wasserstraße_Springorum","2025/11/05 12:36:00","2025/11/05 13:11:00",1.2,"2025/11/05 12:44:00",35,0.148,"Leichter Regen / Unterhalb DWD-Schwelle",5,NA,NA,NA,NA,NA
"Königsallee_Springorum","2025/11/06 04:59:00","2025/11/06 05:30:00",0.6,"2025/11/06 05:14:00",31,0.04,"Leichter Regen / Unterhalb DWD-Schwelle",4,NA,NA,NA,NA,NA
"Wasserstraße_Springorum","2025/11/06 13:03:00","2025/11/06 13:40:00",0.9,"2025/11/06 13:37:00",37,0.026,"Leichter Regen / Unterhalb DWD-Schwelle",7,NA,NA,NA,NA,NA
"Wasserstraße_Springorum","2025/11/06 20:12:00","2025/11/06 20:27:00",0.8,"2025/11/06 20:18:00",15,0.131,"Leichter Regen / Unterhalb DWD-Schwelle",4,NA,NA,NA,NA,NA
"Wasserstraße_Springorum","2025/11/06 22:12:00","2025/11/06 22:47:00",0.7,"2025/11/06 22:29:00",35,0.041,"Leichter Regen / Unterhalb DWD-Schwelle",6,NA,NA,NA,NA,NA
"Wasserstraße_Springorum","2025/11/07 16:15:00","2025/11/07 16:33:00",0.7,"2025/11/07 16:30:00",18,0.046,"Leichter Regen / Unterhalb DWD-Schwelle",4,NA,NA,NA,NA,NA
"Wasserstraße_Springorum","2025/11/08 00:03:00","2025/11/08 00:57:00",0.9,"2025/11/08 00:53:00",54,0.018,"Leichter Regen / Unterhalb DWD-Schwelle",8,NA,NA,NA,NA,NA
"Wasserstraße_Springorum","2025/11/08 04:34:00","2025/11/08 05:30:00",0.7,"2025/11/08 05:09:00",56,0.02,"Leichter Regen / Unterhalb DWD-Schwelle",9,NA,NA,NA,NA,NA
"Wasserstraße_Springorum","2025/11/08 12:43:00","2025/11/08 13:14:00",1,"2025/11/08 13:02:00",31,0.052,"Leichter Regen / Unterhalb DWD-Schwelle",4,NA,NA,NA,NA,NA
"Wasserstraße_Springorum","2025/11/08 15:10:00","2025/11/08 16:02:00",0.7,"2025/11/08 15:48:00",52,0.018,"Leichter Regen / Unterhalb DWD-Schwelle",6,NA,NA,NA,NA,NA
"Herzogstraße","2025/11/08 15:37:00","2025/11/08 19:28:00",38.5,"2025/11/08 16:20:00",231,0.893,"Sturzflut-Ereignis",232,NA,NA,NA,NA,NA
"Königsallee_Springorum","2025/11/09 14:32:00","2025/11/09 15:12:00",0.6,"2025/11/09 15:05:00",40,0.018,"Leichter Regen / Unterhalb DWD-Schwelle",5,0.8999999999999999,0.7,TRUE,"Level 1 – Leichter Regen (0.5–15 mm/h)",NA
"Königsallee_Springorum","2025/11/09 23:15:00","2025/11/09 23:37:00",0.6,"2025/11/09 23:21:00",22,0.098,"Leichter Regen / Unterhalb DWD-Schwelle",4,NA,NA,NA,NA,NA
"Königsallee_Springorum","2025/11/10 01:52:00","2025/11/10 02:17:00",0.6,"2025/11/10 02:04:00",25,0.05,"Leichter Regen / Unterhalb DWD-Schwelle",4,NA,NA,NA,NA,NA
"Wasserstraße_Springorum","2025/11/10 12:34:00","2025/11/10 12:51:00",1,"2025/11/10 12:38:00",17,0.244,"Leichter Regen / Unterhalb DWD-Schwelle",5,NA,NA,NA,NA,NA
"Wasserstraße_Springorum","2025/11/10 17:24:00","2025/11/10 21:10:00",0.8,"2025/11/10 18:20:00",226,0.014,"Leichter Regen / Unterhalb DWD-Schwelle",13,NA,NA,NA,NA,NA
"Königsallee_Springorum","2025/11/10 21:25:00","2025/11/11 05:12:00",0.9,"2025/11/10 21:28:00",467,0.29,"Leichter Regen / Unterhalb DWD-Schwelle",468,1.26,8.4,NA,NA,TRUE
"Wasserstraße_Springorum","2025/11/11 15:01:00","2025/11/11 15:26:00",4.6,"2025/11/11 15:08:00",25,0.648,"Sturzflut-Ereignis",4,NA,NA,NA,NA,NA
"Wasserstraße_Springorum","2025/11/11 19:52:00","2025/11/11 20:13:00",0.8,"2025/11/11 20:06:00",21,0.057,"Leichter Regen / Unterhalb DWD-Schwelle",3,NA,NA,NA,NA,NA
"Wasserstraße_Springorum","2025/11/11 21:55:00","2025/11/11 22:32:00",0.8,"2025/11/11 22:03:00",37,0.099,"Leichter Regen / Unterhalb DWD-Schwelle",5,NA,NA,NA,NA,NA
"Herzogstraße","2025/11/12 11:07:00","2025/11/12 11:58:00",16.7,"2025/11/12 11:46:00",51,0.427,"Regenereignis / Natürlich",29,NA,NA,NA,NA,NA
"Königsallee_Springorum","2025/11/13 09:03:00","2025/11/13 09:47:00",0.5,"2025/11/13 09:43:00",44,0.012,"Leichter Regen / Unterhalb DWD-Schwelle",12,NA,NA,NA,NA,NA
"Herzogstraße","2025/11/14 13:38:00","2025/11/14 17:21:00",37.2,"2025/11/14 16:11:00",223,0.243,"Regenereignis / Natürlich",102,NA,NA,NA,NA,NA
"Königsallee_Springorum","2025/11/15 00:23:00","2025/11/15 03:08:00",0.5,"2025/11/15 00:30:00",165,0.07,"Leichter Regen / Unterhalb DWD-Schwelle",166,0.92,2.04,NA,NA,TRUE
"An_der_Kost","2025/11/15 00:51:00","2025/11/15 01:17:00",0.5,"2025/11/15 00:55:00",26,0.122,"Leichter Regen / Unterhalb DWD-Schwelle",27,1.72,3.36,NA,NA,TRUE
"Herzogstraße","2025/11/15 08:22:00","2025/11/15 10:41:00",2.2,"2025/11/15 09:23:00",139,0.036,"Regenereignis / Natürlich",140,NA,NA,NA,NA,NA
"Königsallee_Springorum","2025/11/16 07:10:00","2025/11/16 07:27:00",0.6,"2025/11/16 07:21:00",17,0.054,"Leichter Regen / Unterhalb DWD-Schwelle",4,NA,NA,NA,NA,NA
"Königsallee_Springorum","2025/11/16 16:21:00","2025/11/16 18:41:00",0.6,"2025/11/16 18:21:00",140,0.005,"Leichter Regen / Unterhalb DWD-Schwelle",141,0.21,0.84,NA,NA,TRUE
"Königsallee_Springorum","2025/11/16 16:36:00","2025/11/16 18:41:00",0.6,"2025/11/16 18:21:00",125,0.006,"Leichter Regen / Unterhalb DWD-Schwelle",126,0.21,0.84,NA,NA,TRUE
"Königsallee_Springorum","2025/11/16 20:27:00","2025/11/16 21:16:00",0.7,"2025/11/16 20:44:00",49,0.041,"Leichter Regen / Unterhalb DWD-Schwelle",6,0.2,0.1,TRUE,"Level 0 – Kein nennenswerter Regen",NA
"An_der_Kost","2025/11/17 13:29:00","2025/11/17 15:05:00",1.4,"2025/11/17 13:46:00",96,0.082,"Leichter Regen / Unterhalb DWD-Schwelle",95,2.04,8.76,NA,NA,TRUE
"Königsallee_Springorum","2025/11/18 16:22:00","2025/11/18 22:24:00",0.8,"2025/11/18 16:25:00",362,0.258,"Leichter Regen / Unterhalb DWD-Schwelle",363,0.13,0.84,NA,NA,TRUE
"Herzogstraße","2025/11/18 18:47:00","2025/11/18 19:21:00",2.3,"2025/11/18 18:50:00",34,0.742,"Sturzflut-Ereignis",33,0.6,0.3,TRUE,"Level 0 – Kein nennenswerter Regen",NA
"Herzogstraße","2025/11/19 12:37:00","2025/11/19 13:30:00",2,"2025/11/19 12:57:00",53,0.1,"Regenereignis / Natürlich",10,0.2,0.1,TRUE,"Level 0 – Kein nennenswerter Regen",NA
"Königsallee_Springorum","2025/11/19 16:03:00","2025/11/20 09:13:00",0.6,"2025/11/19 22:45:00",1030,0.001,"Leichter Regen / Unterhalb DWD-Schwelle",1029,3.37,3.6,NA,NA,TRUE
"An_der_Kost","2025/11/19 19:42:00","2025/11/20 01:14:00",0.4,"2025/11/19 20:52:00",332,0.006,"Leichter Regen / Unterhalb DWD-Schwelle",331,2.38,3.36,NA,NA,TRUE
"Königsallee_Springorum","2025/11/19 21:08:00","2025/11/20 02:29:00",0.5,"2025/11/19 22:45:00",321,0.005,"Leichter Regen / Unterhalb DWD-Schwelle",322,3.37,3.6,NA,NA,TRUE
"Königsallee_Springorum","2025/11/19 22:41:00","2025/11/19 23:19:00",0.6,"2025/11/19 22:46:00",38,0.118,"Leichter Regen / Unterhalb DWD-Schwelle",12,3.7,1.3,TRUE,"Level 1 – Leichter Regen (0.5–15 mm/h)",NA
"Königsallee_Springorum","2025/11/19 23:40:00","2025/11/20 00:20:00",0.5,"2025/11/20 00:05:00",40,0.02,"Leichter Regen / Unterhalb DWD-Schwelle",41,1.85,3.6,NA,NA,TRUE
"Königsallee_Springorum","2025/11/19 23:44:00","2025/11/20 00:10:00",0.6,"2025/11/20 00:04:00",26,0.03,"Leichter Regen / Unterhalb DWD-Schwelle",9,3.8,1.3,TRUE,"Level 1 – Leichter Regen (0.5–15 mm/h)",NA
"An_der_Kost","2025/11/20 04:00:00","2025/11/20 08:41:00",0.3,"2025/11/20 04:43:00",281,0.007,"Leichter Regen / Unterhalb DWD-Schwelle",282,0.68,1.2,NA,NA,TRUE
"Königsallee_Springorum","2025/11/21 16:22:00","2025/11/21 17:23:00",0.6,"2025/11/21 16:57:00",61,0.017,"Leichter Regen / Unterhalb DWD-Schwelle",6,NA,NA,NA,NA,NA
"Königsallee_Springorum","2025/11/21 23:53:00","2025/11/22 02:36:00",0.5,"2025/11/22 00:36:00",163,0.012,"Leichter Regen / Unterhalb DWD-Schwelle",10,NA,NA,NA,NA,NA
"Herzogstraße","2025/11/24 00:24:00","2025/11/24 00:35:00",0.8,"2025/11/24 00:32:00",11,0.099,"Leichter Regen / Unterhalb DWD-Schwelle",11,NA,NA,NA,NA,NA
"An_der_Kost","2025/11/24 13:49:00","2025/11/24 15:13:00",0.6,"2025/11/24 15:08:00",84,0.008,"Leichter Regen / Unterhalb DWD-Schwelle",13,0.47,2.16,NA,"Level 1 – Leichter Regen (0.5–15 mm/h)",TRUE
"Wasserstraße_Springorum","2025/11/24 14:12:00","2025/11/24 14:24:00",4.2,"2025/11/24 14:19:00",12,0.592,"Sturzflut-Ereignis",12,1.1,0.5,TRUE,"Level 1 – Leichter Regen (0.5–15 mm/h)",NA
"An_der_Kost","2025/11/24 14:33:00","2025/11/24 15:13:00",0.6,"2025/11/24 15:08:00",40,0.017,"Leichter Regen / Unterhalb DWD-Schwelle",10,1.3,0.5,TRUE,"Level 1 – Leichter Regen (0.5–15 mm/h)",NA
"An_der_Kost","2025/11/24 17:27:00","2025/11/24 18:22:00",0.5,"2025/11/24 18:05:00",55,0.013,"Leichter Regen / Unterhalb DWD-Schwelle",56,0.03,0.36,NA,NA,TRUE
"Herzogstraße","2025/11/25 01:04:00","2025/11/25 01:12:00",0.8,"2025/11/25 01:09:00",8,0.157,"Leichter Regen / Unterhalb DWD-Schwelle",7,0.1,0.1,TRUE,"Level 0 – Kein nennenswerter Regen",NA
"Herzogstraße","2025/11/25 08:23:00","2025/11/25 08:59:00",1.3,"2025/11/25 08:45:00",36,0.059,"Leichter Regen / Unterhalb DWD-Schwelle",5,0.30000000000000004,0.1,TRUE,"Level 0 – Kein nennenswerter Regen",NA
"Wasserstraße_Springorum","2025/11/27 11:00:00","2025/11/27 11:32:00",0.7,"2025/11/27 11:07:00",32,0.099,"Leichter Regen / Unterhalb DWD-Schwelle",5,NA,NA,NA,NA,NA
"Königsallee_Springorum","2025/11/28 07:58:00","2025/11/28 08:28:00",40,"2025/11/28 08:21:00",30,1.732,"Sturzflut-Ereignis",6,0.47,3.24,NA,"Level 1 – Leichter Regen (0.5–15 mm/h)",TRUE
"Herzogstraße","2025/11/28 09:02:00","2025/11/28 09:42:00",1.3,"2025/11/28 09:35:00",40,0.039,"Leichter Regen / Unterhalb DWD-Schwelle",13,0.30000000000000004,0.2,TRUE,"Level 0 – Kein nennenswerter Regen",NA
"Königsallee_Springorum","2025/11/28 11:39:00","2025/11/28 11:48:00",0.5,"2025/11/28 11:45:00",9,0.082,"Leichter Regen / Unterhalb DWD-Schwelle",10,2.97,3.6,NA,NA,TRUE
"Königsallee_Springorum","2025/11/28 17:29:00","2025/11/28 17:59:00",0.6,"2025/11/28 17:49:00",30,0.03,"Leichter Regen / Unterhalb DWD-Schwelle",6,0.31,3,NA,"Level 1 – Leichter Regen (0.5–15 mm/h)",TRUE
"Königsallee_Springorum","2025/11/29 15:23:00","2025/11/29 18:30:00",0.5,"2025/11/29 16:50:00",187,0.006,"Leichter Regen / Unterhalb DWD-Schwelle",4,NA,NA,NA,NA,NA
"Wasserstraße_Springorum","2025/11/29 21:27:00","2025/11/29 22:03:00",0.7,"2025/11/29 21:38:00",36,0.063,"Leichter Regen / Unterhalb DWD-Schwelle",8,NA,NA,NA,NA,NA
"Wasserstraße_Springorum","2025/11/30 05:35:00","2025/11/30 05:45:00",0.7,"2025/11/30 05:42:00",10,0.099,"Leichter Regen / Unterhalb DWD-Schwelle",4,0.2,0.1,TRUE,"Level 0 – Kein nennenswerter Regen",NA
"Wasserstraße_Springorum","2025/11/30 07:03:00","2025/11/30 07:17:00",0.7,"2025/11/30 07:12:00",14,0.077,"Leichter Regen / Unterhalb DWD-Schwelle",3,NA,NA,NA,NA,NA
"Königsallee_Springorum","2025/12/01 00:44:00","2025/12/01 01:12:00",0.6,"2025/12/01 00:56:00",28,0.05,"Leichter Regen / Unterhalb DWD-Schwelle",5,NA,NA,NA,NA,NA
"Wasserstraße_Springorum","2025/12/01 02:01:00","2025/12/01 02:49:00",0.7,"2025/12/01 02:12:00",48,0.063,"Leichter Regen / Unterhalb DWD-Schwelle",9,NA,NA,NA,NA,NA
"Wasserstraße_Springorum","2025/12/01 03:12:00","2025/12/01 03:42:00",0.8,"2025/12/01 03:31:00",30,0.042,"Leichter Regen / Unterhalb DWD-Schwelle",4,NA,NA,NA,NA,NA
"Königsallee_Springorum","2025/12/02 02:59:00","2025/12/02 13:42:00",0.7,"2025/12/02 06:18:00",643,0.004,"Leichter Regen / Unterhalb DWD-Schwelle",642,6.77,4.92,NA,NA,TRUE
"Königsallee_Springorum","2025/12/02 04:24:00","2025/12/02 04:55:00",0.6,"2025/12/02 04:37:00",31,0.046,"Leichter Regen / Unterhalb DWD-Schwelle",8,0.1,0.1,TRUE,"Level 0 – Kein nennenswerter Regen",NA
"Königsallee_Springorum","2025/12/02 06:15:00","2025/12/02 06:36:00",0.6,"2025/12/02 06:18:00",21,0.194,"Leichter Regen / Unterhalb DWD-Schwelle",8,1.39,2.4,NA,"Level 1 – Leichter Regen (0.5–15 mm/h)",TRUE
"An_der_Kost","2025/12/02 06:34:00","2025/12/02 09:47:00",0.3,"2025/12/02 07:10:00",193,0.008,"Leichter Regen / Unterhalb DWD-Schwelle",192,5.68,3.96,NA,NA,TRUE
"Wasserstraße_Springorum","2025/12/02 15:27:00","2025/12/02 16:55:00",2.1,"2025/12/02 16:19:00",88,0.04,"Regenereignis / Natürlich",5,NA,NA,NA,NA,NA
"Wasserstraße_Springorum","2025/12/03 14:21:00","2025/12/03 14:56:00",0.6,"2025/12/03 14:35:00",35,0.043,"Leichter Regen / Unterhalb DWD-Schwelle",9,NA,NA,NA,NA,NA
"Wasserstraße_Springorum","2025/12/03 16:38:00","2025/12/03 17:04:00",0.8,"2025/12/03 16:51:00",26,0.061,"Leichter Regen / Unterhalb DWD-Schwelle",6,NA,NA,NA,NA,NA
"Königsallee_Springorum","2025/12/03 21:12:00","2025/12/03 22:59:00",0.9,"2025/12/03 22:10:00",107,0.015,"Leichter Regen / Unterhalb DWD-Schwelle",14,0.27,1.2,NA,"Level 1 – Leichter Regen (0.5–15 mm/h)",TRUE
"Königsallee_Springorum","2025/12/03 22:06:00","2025/12/04 09:04:00",1,"2025/12/03 22:10:00",658,0.244,"Leichter Regen / Unterhalb DWD-Schwelle",657,1.03,1.2,NA,NA,TRUE
"Königsallee_Springorum","2025/12/03 23:26:00","2025/12/04 00:10:00",0.6,"2025/12/04 00:00:00",44,0.018,"Leichter Regen / Unterhalb DWD-Schwelle",8,1.1,0.4,TRUE,"Level 0 – Kein nennenswerter Regen",NA
"Königsallee_Springorum","2025/12/03 23:45:00","2025/12/04 00:21:00",0.5,"2025/12/04 00:00:00",36,0.033,"Leichter Regen / Unterhalb DWD-Schwelle",37,0.75,1.2,NA,NA,TRUE
"Königsallee_Springorum","2025/12/04 20:15:00","2025/12/04 23:00:00",0.5,"2025/12/04 20:26:00",165,0.045,"Leichter Regen / Unterhalb DWD-Schwelle",6,NA,NA,NA,NA,NA
"Königsallee_Springorum","2025/12/05 00:33:00","2025/12/05 03:27:00",0.5,"2025/12/05 02:17:00",174,0.005,"Leichter Regen / Unterhalb DWD-Schwelle",21,NA,NA,NA,NA,NA
"Wasserstraße_Springorum","2025/12/05 01:16:00","2025/12/05 01:31:00",0.8,"2025/12/05 01:21:00",15,0.157,"Leichter Regen / Unterhalb DWD-Schwelle",5,NA,NA,NA,NA,NA
"Königsallee_Springorum","2025/12/05 04:46:00","2025/12/05 08:37:00",0.6,"2025/12/05 05:20:00",231,0.018,"Leichter Regen / Unterhalb DWD-Schwelle",232,0.03,0.24,NA,NA,TRUE
"Königsallee_Springorum","2025/12/06 03:27:00","2025/12/06 06:46:00",0.6,"2025/12/06 04:40:00",199,0.008,"Leichter Regen / Unterhalb DWD-Schwelle",200,0.3,2.52,NA,NA,TRUE
"Königsallee_Springorum","2025/12/06 03:28:00","2025/12/06 06:44:00",0.5,"2025/12/06 04:40:00",196,0.007,"Leichter Regen / Unterhalb DWD-Schwelle",197,0.3,2.52,NA,NA,TRUE
"Königsallee_Springorum","2025/12/06 04:08:00","2025/12/06 06:11:00",0.6,"2025/12/06 05:19:00",123,0.008,"Leichter Regen / Unterhalb DWD-Schwelle",10,0.3,2.52,NA,"Level 1 – Leichter Regen (0.5–15 mm/h)",TRUE
"Königsallee_Springorum","2025/12/06 04:31:00","2025/12/06 04:44:00",0.5,"2025/12/06 04:40:00",13,0.055,"Leichter Regen / Unterhalb DWD-Schwelle",14,0.3,2.52,NA,NA,TRUE
"An_der_Kost","2025/12/07 16:36:00","2025/12/07 22:12:00",0.4,"2025/12/07 19:57:00",336,0.002,"Leichter Regen / Unterhalb DWD-Schwelle",337,9.49,5.4,NA,NA,TRUE
"Königsallee_Springorum","2025/12/07 20:33:00","2025/12/08 02:25:00",0.5,"2025/12/07 21:06:00",352,0.015,"Leichter Regen / Unterhalb DWD-Schwelle",353,4.99,5.76,NA,NA,TRUE
"Königsallee_Springorum","2025/12/07 21:12:00","2025/12/07 21:53:00",0.7,"2025/12/07 21:33:00",41,0.033,"Leichter Regen / Unterhalb DWD-Schwelle",5,7.1,3.4,TRUE,"Level 1 – Leichter Regen (0.5–15 mm/h)",NA
"An_der_Kost","2025/12/08 18:37:00","2025/12/09 01:55:00",0.6,"2025/12/08 19:50:00",438,0.008,"Leichter Regen / Unterhalb DWD-Schwelle",435,0.12,0.36,NA,NA,TRUE
"An_der_Kost","2025/12/08 23:18:00","2025/12/09 00:14:00",0.6,"2025/12/08 23:42:00",56,0.025,"Leichter Regen / Unterhalb DWD-Schwelle",57,0.12,0.36,NA,NA,TRUE
"An_der_Kost","2025/12/08 23:28:00","2025/12/09 00:09:00",0.6,"2025/12/08 23:42:00",41,0.043,"Leichter Regen / Unterhalb DWD-Schwelle",27,2.4,1.5,TRUE,"Level 1 – Leichter Regen (0.5–15 mm/h)",NA
"Herzogstraße","2025/12/08 23:28:00","2025/12/08 23:41:00",1.2,"2025/12/08 23:31:00",13,0.387,"Leichter Regen / Unterhalb DWD-Schwelle",8,NA,NA,NA,NA,NA
"An_der_Kost","2025/12/08 23:35:00","2025/12/09 00:08:00",0.6,"2025/12/08 23:42:00",33,0.085,"Leichter Regen / Unterhalb DWD-Schwelle",25,0.12,0.36,NA,"Level 0 – Kein nennenswerter Regen",TRUE
"Wasserstraße_Springorum","2025/12/09 17:11:00","2025/12/09 18:00:00",0.8,"2025/12/09 17:57:00",49,0.017,"Leichter Regen / Unterhalb DWD-Schwelle",12,NA,NA,NA,NA,NA
"Königsallee_Springorum","2025/12/10 03:31:00","2025/12/10 03:50:00",0.6,"2025/12/10 03:37:00",19,0.098,"Leichter Regen / Unterhalb DWD-Schwelle",11,0.5,0.5,TRUE,"Level 1 – Leichter Regen (0.5–15 mm/h)",NA
"Wasserstraße_Springorum","2025/12/10 04:52:00","2025/12/10 08:02:00",2.4,"2025/12/10 07:27:00",190,0.015,"Regenereignis / Natürlich",191,0.55,1.44,NA,NA,TRUE
"Wasserstraße_Springorum","2025/12/11 20:04:00","2025/12/11 20:54:00",0.9,"2025/12/11 20:08:00",50,0.22,"Leichter Regen / Unterhalb DWD-Schwelle",30,NA,NA,NA,NA,NA
"Wasserstraße_Springorum","2025/12/11 22:25:00","2025/12/11 23:18:00",0.7,"2025/12/11 22:29:00",53,0.171,"Leichter Regen / Unterhalb DWD-Schwelle",21,NA,NA,NA,NA,NA
"Wasserstraße_Springorum","2025/12/12 11:42:00","2025/12/12 12:37:00",1,"2025/12/12 12:32:00",55,0.02,"Leichter Regen / Unterhalb DWD-Schwelle",17,NA,NA,NA,NA,NA
"Wasserstraße_Springorum","2025/12/14 11:33:00","2025/12/14 13:17:00",0.6,"2025/12/14 12:51:00",104,0.008,"Leichter Regen / Unterhalb DWD-Schwelle",3,NA,NA,NA,NA,NA
"Herzogstraße","2025/12/15 07:30:00","2025/12/15 09:08:00",14.3,"2025/12/15 09:01:00",98,0.157,"Regenereignis / Natürlich",71,NA,NA,NA,NA,NA
"Herzogstraße","2025/12/15 10:51:00","2025/12/15 11:09:00",8.2,"2025/12/15 11:06:00",18,0.543,"Sturzflut-Ereignis",19,NA,NA,NA,NA,NA
"Herzogstraße","2025/12/16 10:52:00","2025/12/16 11:56:00",35.2,"2025/12/16 11:46:00",64,0.651,"Sturzflut-Ereignis",28,NA,NA,NA,NA,NA
"Herzogstraße","2025/12/16 14:26:00","2025/12/16 14:50:00",29.4,"2025/12/16 14:39:00",24,2.244,"Sturzflut-Ereignis",25,NA,NA,NA,NA,NA
"Herzogstraße","2025/12/17 07:35:00","2025/12/17 08:50:00",10.7,"2025/12/17 08:32:00",75,0.187,"Regenereignis / Natürlich",66,NA,NA,NA,NA,NA
"Herzogstraße","2025/12/17 10:42:00","2025/12/17 12:59:00",31.5,"2025/12/17 12:51:00",137,0.244,"Regenereignis / Natürlich",82,NA,NA,NA,NA,NA
"Herzogstraße","2025/12/17 12:38:00","2025/12/17 12:59:00",31.5,"2025/12/17 12:51:00",21,2.405,"Sturzflut-Ereignis",22,NA,NA,NA,NA,NA
"Königsallee_Springorum","2025/12/19 08:14:00","2025/12/19 08:29:00",0.8,"2025/12/19 08:21:00",15,0.113,"Leichter Regen / Unterhalb DWD-Schwelle",8,0.3,0.3,TRUE,"Level 0 – Kein nennenswerter Regen",NA
"Herzogstraße","2025/12/19 14:32:00","2025/12/19 15:15:00",34.9,"2025/12/19 14:57:00",43,1.39,"Sturzflut-Ereignis",44,0.30000000000000004,0.2,TRUE,"Level 0 – Kein nennenswerter Regen",NA
"Herzogstraße","2025/12/23 07:02:00","2025/12/23 08:29:00",17.9,"2025/12/23 08:03:00",87,0.293,"Regenereignis / Natürlich",65,NA,NA,NA,NA,NA
"Wasserstraße_Springorum","2025/12/23 09:58:00","2025/12/23 10:33:00",0.7,"2025/12/23 10:08:00",35,0.069,"Leichter Regen / Unterhalb DWD-Schwelle",4,NA,NA,NA,NA,NA
"Wasserstraße_Springorum","2025/12/23 14:10:00","2025/12/23 14:43:00",1,"2025/12/23 14:27:00",33,0.058,"Leichter Regen / Unterhalb DWD-Schwelle",5,NA,NA,NA,NA,NA
"Wasserstraße_Springorum","2025/12/23 15:07:00","2025/12/23 15:33:00",0.6,"2025/12/23 15:24:00",26,0.035,"Leichter Regen / Unterhalb DWD-Schwelle",3,NA,NA,NA,NA,NA
"Wasserstraße_Springorum","2025/12/23 16:21:00","2025/12/23 16:50:00",1,"2025/12/23 16:28:00",29,0.141,"Leichter Regen / Unterhalb DWD-Schwelle",7,NA,NA,NA,NA,NA
"Wasserstraße_Springorum","2025/12/25 20:20:00","2025/12/25 20:55:00",4.7,"2025/12/25 20:43:00",35,0.203,"Sturzflut-Ereignis",4,NA,NA,NA,NA,NA
"Wasserstraße_Springorum","2025/12/29 00:16:00","2025/12/29 03:23:00",0.5,"2025/12/29 00:37:00",187,0.024,"Leichter Regen / Unterhalb DWD-Schwelle",6,NA,NA,NA,NA,NA
"Königsallee_Springorum","2025/12/30 16:35:00","2025/12/30 17:28:00",0.6,"2025/12/30 16:51:00",53,0.037,"Leichter Regen / Unterhalb DWD-Schwelle",4,NA,NA,NA,NA,NA
"Herzogstraße","2025/12/31 05:30:00","2025/12/31 06:44:00",1.2,"2025/12/31 06:25:00",74,0.022,"Leichter Regen / Unterhalb DWD-Schwelle",48,NA,NA,NA,NA,NA
"Herzogstraße","2025/12/31 12:13:00","2025/12/31 14:03:00",1.5,"2025/12/31 13:15:00",110,0.024,"Leichter Regen / Unterhalb DWD-Schwelle",81,NA,NA,NA,NA,NA
"Herzogstraße","2026/01/01 19:04:00","2026/01/01 19:32:00",0.7,"2026/01/01 19:29:00",28,0.028,"Leichter Regen / Unterhalb DWD-Schwelle",5,NA,NA,NA,NA,NA
"Königsallee_Springorum","2026/01/01 22:25:00","2026/01/02 10:48:00",0.7,"2026/01/02 00:46:00",743,0.005,"Leichter Regen / Unterhalb DWD-Schwelle",740,0.75,1.2,NA,NA,TRUE
"Herzogstraße","2026/01/02 01:57:00","2026/01/02 02:16:00",0.8,"2026/01/02 02:01:00",19,0.195,"Leichter Regen / Unterhalb DWD-Schwelle",6,NA,NA,NA,NA,NA
"Herzogstraße","2026/01/02 20:14:00","2026/01/02 21:13:00",0.9,"2026/01/02 20:22:00",59,0.111,"Leichter Regen / Unterhalb DWD-Schwelle",8,NA,NA,NA,NA,NA
"Herzogstraße","2026/01/03 02:33:00","2026/01/03 04:37:00",0.6,"2026/01/03 02:55:00",124,0.027,"Leichter Regen / Unterhalb DWD-Schwelle",94,NA,NA,NA,NA,NA
"Herzogstraße","2026/01/04 04:23:00","2026/01/04 04:30:00",1,"2026/01/04 04:26:00",7,0.323,"Leichter Regen / Unterhalb DWD-Schwelle",8,NA,NA,NA,NA,NA
"Herzogstraße","2026/01/04 06:19:00","2026/01/04 06:39:00",2,"2026/01/04 06:23:00",20,0.488,"Regenereignis / Natürlich",21,0.7,0.5,TRUE,"Level 1 – Leichter Regen (0.5–15 mm/h)",NA
"Königsallee_Springorum","2026/01/05 15:30:00","2026/01/06 12:23:00",0.8,"2026/01/06 08:39:00",1253,0.001,"Leichter Regen / Unterhalb DWD-Schwelle",1248,0.55,2.4,NA,NA,TRUE
"Herzogstraße","2026/01/06 06:39:00","2026/01/06 09:41:00",1.1,"2026/01/06 09:28:00",182,0.007,"Leichter Regen / Unterhalb DWD-Schwelle",46,NA,NA,NA,NA,NA
"Herzogstraße","2026/01/06 09:08:00","2026/01/06 09:41:00",1.1,"2026/01/06 09:28:00",33,0.055,"Leichter Regen / Unterhalb DWD-Schwelle",3,NA,NA,NA,NA,NA
"An_der_Kost","2026/01/07 17:03:00","2026/01/07 18:44:00",0.3,"2026/01/07 17:27:00",101,0.012,"Leichter Regen / Unterhalb DWD-Schwelle",102,0.75,2.4,NA,NA,TRUE
"Königsallee_Springorum","2026/01/07 18:58:00","2026/01/08 04:39:00",0.5,"2026/01/07 19:03:00",581,0.098,"Leichter Regen / Unterhalb DWD-Schwelle",580,0.16,1.32,NA,NA,TRUE
"Königsallee_Springorum","2026/01/08 06:20:00","2026/01/09 00:38:00",0.7,"2026/01/08 15:38:00",1098,0.001,"Leichter Regen / Unterhalb DWD-Schwelle",1093,3.82,1.92,NA,NA,TRUE
"Königsallee_Springorum","2026/01/08 18:24:00","2026/01/08 19:22:00",0.7,"2026/01/08 19:11:00",58,0.015,"Leichter Regen / Unterhalb DWD-Schwelle",3,0.25,0.6,NA,"Level 1 – Leichter Regen (0.5–15 mm/h)",TRUE
"Königsallee_Springorum","2026/01/09 02:56:00","2026/01/09 04:16:00",0.5,"2026/01/09 03:28:00",80,0.016,"Leichter Regen / Unterhalb DWD-Schwelle",4,NA,NA,NA,NA,NA
"Königsallee_Springorum","2026/01/09 06:15:00","2026/01/09 07:48:00",0.5,"2026/01/09 07:33:00",93,0.006,"Leichter Regen / Unterhalb DWD-Schwelle",8,NA,NA,NA,NA,NA
"Königsallee_Springorum","2026/01/09 10:41:00","2026/01/09 11:50:00",0.4,"2026/01/09 10:57:00",69,0.025,"Leichter Regen / Unterhalb DWD-Schwelle",70,0.03,0.24,NA,NA,TRUE
"An_der_Kost","2026/01/09 11:41:00","2026/01/09 17:30:00",0.4,"2026/01/09 11:44:00",349,0.129,"Leichter Regen / Unterhalb DWD-Schwelle",346,0.76,1.08,NA,NA,TRUE
"An_der_Kost","2026/01/09 11:43:00","2026/01/09 12:05:00",0.6,"2026/01/09 11:55:00",22,0.05,"Leichter Regen / Unterhalb DWD-Schwelle",5,0.9,0.8,TRUE,"Level 1 – Leichter Regen (0.5–15 mm/h)",NA
"Herzogstraße","2026/01/09 13:36:00","2026/01/09 14:13:00",2,"2026/01/09 13:55:00",37,0.105,"Regenereignis / Natürlich",5,2.9,1.2,TRUE,"Level 1 – Leichter Regen (0.5–15 mm/h)",NA
"An_der_Kost","2026/01/09 15:43:00","2026/01/09 16:10:00",0.6,"2026/01/09 15:50:00",27,0.085,"Leichter Regen / Unterhalb DWD-Schwelle",5,3.8,1.2,TRUE,"Level 1 – Leichter Regen (0.5–15 mm/h)",NA
"Königsallee_Springorum","2026/01/11 05:19:00","2026/01/11 05:51:00",0.6,"2026/01/11 05:41:00",32,0.027,"Leichter Regen / Unterhalb DWD-Schwelle",5,NA,NA,NA,NA,NA
"Wasserstraße_Springorum","2026/01/12 05:22:00","2026/01/12 06:03:00",0.8,"2026/01/12 05:35:00",41,0.061,"Leichter Regen / Unterhalb DWD-Schwelle",8,1.1,0.6,TRUE,"Level 1 – Leichter Regen (0.5–15 mm/h)",NA
"Herzogstraße","2026/01/12 13:47:00","2026/01/12 14:01:00",3.9,"2026/01/12 13:50:00",14,1.258,"Sturzflut-Ereignis",15,NA,NA,NA,NA,NA
"Herzogstraße","2026/01/12 20:49:00","2026/01/12 21:03:00",2.3,"2026/01/12 20:54:00",14,0.451,"Sturzflut-Ereignis",13,4.5,2.1,TRUE,"Level 1 – Leichter Regen (0.5–15 mm/h)",NA
"Königsallee_Springorum","2026/01/14 03:55:00","2026/01/14 04:47:00",0.5,"2026/01/14 04:05:00",52,0.05,"Leichter Regen / Unterhalb DWD-Schwelle",6,NA,NA,NA,NA,NA
"An_der_Kost","2026/01/14 04:18:00","2026/01/14 07:54:00",0.8,"2026/01/14 06:29:00",216,0.006,"Leichter Regen / Unterhalb DWD-Schwelle",217,0.44,0.96,NA,NA,TRUE
"An_der_Kost","2026/01/14 04:27:00","2026/01/14 06:45:00",0.8,"2026/01/14 06:29:00",138,0.007,"Leichter Regen / Unterhalb DWD-Schwelle",139,0.38,0.96,NA,NA,TRUE
"An_der_Kost","2026/01/14 05:12:00","2026/01/14 06:35:00",0.8,"2026/01/14 06:29:00",83,0.01,"Leichter Regen / Unterhalb DWD-Schwelle",65,0.36,0.96,NA,"Level 1 – Leichter Regen (0.5–15 mm/h)",TRUE
"An_der_Kost","2026/01/14 05:29:00","2026/01/14 06:35:00",0.7,"2026/01/14 06:29:00",66,0.012,"Leichter Regen / Unterhalb DWD-Schwelle",30,0.36,0.96,NA,"Level 1 – Leichter Regen (0.5–15 mm/h)",TRUE
"Herzogstraße","2026/01/14 10:42:00","2026/01/14 11:42:00",2.1,"2026/01/14 10:47:00",60,0.412,"Regenereignis / Natürlich",46,3,1.5,TRUE,"Level 1 – Leichter Regen (0.5–15 mm/h)",NA
"Königsallee_Springorum","2026/01/14 12:06:00","2026/01/14 12:24:00",0.6,"2026/01/14 12:20:00",18,0.043,"Leichter Regen / Unterhalb DWD-Schwelle",4,0.01,0.12,NA,"Level 0 – Kein nennenswerter Regen",TRUE
"Königsallee_Springorum","2026/01/15 04:38:00","2026/01/15 05:36:00",0.6,"2026/01/15 04:55:00",58,0.035,"Leichter Regen / Unterhalb DWD-Schwelle",7,0.2,0.1,TRUE,"Level 0 – Kein nennenswerter Regen",NA
"Herzogstraße","2026/01/16 17:31:00","2026/01/16 18:13:00",23.7,"2026/01/16 18:02:00",42,0.762,"Sturzflut-Ereignis",43,0.4,0.2,TRUE,"Level 0 – Kein nennenswerter Regen",NA
"Wasserstraße_Springorum","2026/01/17 16:17:00","2026/01/17 16:29:00",0.7,"2026/01/17 16:25:00",12,0.086,"Leichter Regen / Unterhalb DWD-Schwelle",4,NA,NA,NA,NA,NA
"Wasserstraße_Springorum","2026/01/18 11:39:00","2026/01/18 12:26:00",0.8,"2026/01/18 11:51:00",47,0.066,"Leichter Regen / Unterhalb DWD-Schwelle",9,NA,NA,NA,NA,NA
"Wasserstraße_Springorum","2026/01/19 04:17:00","2026/01/19 05:11:00",0.7,"2026/01/19 04:40:00",54,0.03,"Leichter Regen / Unterhalb DWD-Schwelle",7,NA,NA,NA,NA,NA
"Wasserstraße_Springorum","2026/01/19 15:05:00","2026/01/19 15:21:00",0.7,"2026/01/19 15:08:00",16,0.226,"Leichter Regen / Unterhalb DWD-Schwelle",8,NA,NA,NA,NA,NA
"Herzogstraße","2026/01/20 06:13:00","2026/01/20 08:13:00",20.2,"2026/01/20 07:14:00",120,0.331,"Regenereignis / Natürlich",162,NA,NA,NA,NA,NA
"Wasserstraße_Springorum","2026/01/20 15:50:00","2026/01/20 18:50:00",5.4,"2026/01/20 17:45:00",180,0.047,"Regenereignis / Natürlich",16,NA,NA,NA,NA,NA
"Wasserstraße_Springorum","2026/01/21 08:14:00","2026/01/21 09:59:00",5.2,"2026/01/21 08:33:00",105,0.272,"Regenereignis / Natürlich",10,NA,NA,NA,NA,NA
"Wasserstraße_Springorum","2026/01/21 17:36:00","2026/01/21 20:46:00",5.1,"2026/01/21 19:13:00",190,0.053,"Regenereignis / Natürlich",10,NA,NA,NA,NA,NA
"Herzogstraße","2026/01/22 13:49:00","2026/01/22 15:16:00",16.9,"2026/01/22 14:27:00",87,0.444,"Regenereignis / Natürlich",130,NA,NA,NA,NA,NA
"Königsallee_Springorum","2026/01/22 21:12:00","2026/01/22 22:58:00",0.7,"2026/01/22 22:38:00",106,0.008,"Leichter Regen / Unterhalb DWD-Schwelle",70,0.16,0.84,NA,"Level 1 – Leichter Regen (0.5–15 mm/h)",TRUE
"Herzogstraße","2026/01/23 06:03:00","2026/01/23 09:12:00",35.2,"2026/01/23 09:07:00",189,0.191,"Regenereignis / Natürlich",174,NA,NA,NA,NA,NA
"Herzogstraße","2026/01/23 08:45:00","2026/01/23 09:12:00",35.2,"2026/01/23 09:07:00",27,1.593,"Sturzflut-Ereignis",56,NA,NA,NA,NA,NA
"Herzogstraße","2026/01/23 11:06:00","2026/01/23 12:02:00",34.5,"2026/01/23 11:57:00",56,0.675,"Sturzflut-Ereignis",80,NA,NA,NA,NA,NA
"Königsallee_Springorum","2026/01/24 02:46:00","2026/01/24 04:09:00",0.8,"2026/01/24 03:44:00",83,0.014,"Leichter Regen / Unterhalb DWD-Schwelle",168,0.46,0.84,NA,NA,TRUE
"Königsallee_Springorum","2026/01/24 03:23:00","2026/01/24 04:09:00",1,"2026/01/24 03:44:00",46,0.047,"Leichter Regen / Unterhalb DWD-Schwelle",64,0.46,0.84,NA,"Level 1 – Leichter Regen (0.5–15 mm/h)",TRUE
"Königsallee_Springorum","2026/01/24 03:30:00","2026/01/24 04:09:00",0.9,"2026/01/24 03:44:00",39,0.064,"Leichter Regen / Unterhalb DWD-Schwelle",62,0.5,0.3,TRUE,"Level 0 – Kein nennenswerter Regen",NA
"Königsallee_Springorum","2026/01/25 08:00:00","2026/01/25 15:42:00",0.6,"2026/01/25 10:02:00",462,0.005,"Leichter Regen / Unterhalb DWD-Schwelle",929,0.11,0.6,NA,NA,TRUE
"Königsallee_Springorum","2026/01/25 18:02:00","2026/01/25 19:59:00",0.8,"2026/01/25 18:17:00",117,0.053,"Leichter Regen / Unterhalb DWD-Schwelle",34,0.06,0.36,NA,"Level 0 – Kein nennenswerter Regen",TRUE
"Herzogstraße","2026/01/27 05:57:00","2026/01/27 06:26:00",29.7,"2026/01/27 06:08:00",29,2.676,"Sturzflut-Ereignis",60,NA,NA,NA,NA,NA
"Königsallee_Springorum","2026/01/27 20:00:00","2026/01/27 20:59:00",0.7,"2026/01/27 20:24:00",59,0.029,"Leichter Regen / Unterhalb DWD-Schwelle",72,1.17,2.16,NA,"Level 1 – Leichter Regen (0.5–15 mm/h)",TRUE
"Königsallee_Springorum","2026/01/28 04:12:00","2026/01/28 18:34:00",0.9,"2026/01/28 07:06:00",862,0.005,"Leichter Regen / Unterhalb DWD-Schwelle",1729,1.29,1.8,NA,NA,TRUE
"Königsallee_Springorum","2026/01/28 06:57:00","2026/01/28 07:31:00",0.6,"2026/01/28 07:06:00",34,0.066,"Leichter Regen / Unterhalb DWD-Schwelle",8,NA,NA,NA,NA,NA
"Herzogstraße","2026/01/28 07:14:00","2026/01/28 09:52:00",36.6,"2026/01/28 08:18:00",158,0.571,"Sturzflut-Ereignis",176,NA,NA,NA,NA,NA
"An_der_Kost","2026/01/28 22:04:00","2026/01/29 01:11:00",0.5,"2026/01/29 01:08:00",187,0.003,"Leichter Regen / Unterhalb DWD-Schwelle",102,NA,NA,NA,NA,NA
"Königsallee_Springorum","2026/02/01 19:25:00","2026/02/02 09:49:00",0.8,"2026/02/02 04:14:00",864,0.002,"Leichter Regen / Unterhalb DWD-Schwelle",1732,0.61,0.96,NA,NA,TRUE
"Königsallee_Springorum","2026/02/02 16:59:00","2026/02/03 14:37:00",39.8,"2026/02/03 06:21:00",1298,0.05,"Regenereignis / Natürlich",2601,2.18,2.04,NA,NA,TRUE
"Königsallee_Springorum","2026/02/03 16:11:00","2026/02/03 17:06:00",0.6,"2026/02/03 16:14:00",55,0.194,"Leichter Regen / Unterhalb DWD-Schwelle",14,3.7,2.1,TRUE,"Level 1 – Leichter Regen (0.5–15 mm/h)",NA
"Wasserstraße_Springorum","2026/02/05 06:43:00","2026/02/05 07:23:00",1.9,"2026/02/05 07:15:00",40,0.059,"Leichter Regen / Unterhalb DWD-Schwelle",10,NA,NA,NA,NA,NA
"Wasserstraße_Springorum","2026/02/05 07:45:00","2026/02/05 08:02:00",0.9,"2026/02/05 07:52:00",17,0.127,"Leichter Regen / Unterhalb DWD-Schwelle",8,NA,NA,NA,NA,NA
"Wasserstraße_Springorum","2026/02/06 02:17:00","2026/02/06 02:41:00",0.6,"2026/02/06 02:32:00",24,0.04,"Leichter Regen / Unterhalb DWD-Schwelle",10,NA,NA,NA,NA,NA
"Wasserstraße_Springorum","2026/02/06 05:11:00","2026/02/06 05:43:00",0.8,"2026/02/06 05:24:00",32,0.061,"Leichter Regen / Unterhalb DWD-Schwelle",8,NA,NA,NA,NA,NA
"Herzogstraße","2026/02/06 10:52:00","2026/02/06 14:52:00",7.6,"2026/02/06 11:18:00",240,0.291,"Regenereignis / Natürlich",466,NA,NA,NA,NA,NA
"Königsallee_Springorum","2026/02/06 14:31:00","2026/02/06 14:59:00",0.8,"2026/02/06 14:56:00",28,0.032,"Leichter Regen / Unterhalb DWD-Schwelle",28,0.3,1.08,NA,"Level 1 – Leichter Regen (0.5–15 mm/h)",TRUE
"Herzogstraße","2026/02/07 14:04:00","2026/02/07 17:07:00",37,"2026/02/07 16:32:00",183,0.25,"Regenereignis / Natürlich",368,NA,NA,NA,NA,NA
"Königsallee_Springorum","2026/02/09 04:19:00","2026/02/09 05:12:00",0.6,"2026/02/09 04:34:00",53,0.04,"Leichter Regen / Unterhalb DWD-Schwelle",14,NA,NA,NA,NA,NA
"Königsallee_Springorum","2026/02/09 05:43:00","2026/02/09 06:20:00",0.6,"2026/02/09 05:50:00",37,0.085,"Leichter Regen / Unterhalb DWD-Schwelle",12,NA,NA,NA,NA,NA
"Königsallee_Springorum","2026/02/10 04:57:00","2026/02/10 07:57:00",0.6,"2026/02/10 07:02:00",180,0.005,"Leichter Regen / Unterhalb DWD-Schwelle",20,NA,NA,NA,NA,NA
"An_der_Kost","2026/02/11 17:49:00","2026/02/11 18:28:00",0.5,"2026/02/11 17:55:00",39,0.082,"Leichter Regen / Unterhalb DWD-Schwelle",80,0.13,1.56,NA,NA,TRUE
"Königsallee_Springorum","2026/02/12 01:18:00","2026/02/12 03:37:00",0.6,"2026/02/12 01:54:00",139,0.017,"Leichter Regen / Unterhalb DWD-Schwelle",42,0.5,1.56,NA,"Level 1 – Leichter Regen (0.5–15 mm/h)",TRUE
"Herzogstraße","2026/02/12 13:15:00","2026/02/12 13:51:00",3.4,"2026/02/12 13:39:00",36,0.141,"Sturzflut-Ereignis",62,1.9,1,TRUE,"Level 1 – Leichter Regen (0.5–15 mm/h)",NA
"Herzogstraße","2026/02/12 13:26:00","2026/02/12 13:51:00",3.4,"2026/02/12 13:39:00",25,0.26,"Sturzflut-Ereignis",52,1,0.6,TRUE,"Level 1 – Leichter Regen (0.5–15 mm/h)",NA
"Herzogstraße","2026/02/14 11:50:00","2026/02/14 12:09:00",0.8,"2026/02/14 11:54:00",19,0.195,"Leichter Regen / Unterhalb DWD-Schwelle",10,0.30000000000000004,0.1,TRUE,"Level 0 – Kein nennenswerter Regen",NA
"Herzogstraße","2026/02/15 10:02:00","2026/02/15 10:40:00",5.1,"2026/02/15 10:21:00",38,0.267,"Sturzflut-Ereignis",6,NA,NA,NA,NA,NA
"Königsallee_Springorum","2026/02/15 15:51:00","2026/02/15 17:21:00",0.6,"2026/02/15 16:05:00",90,0.043,"Leichter Regen / Unterhalb DWD-Schwelle",20,0.59,3.24,NA,"Level 1 – Leichter Regen (0.5–15 mm/h)",TRUE
"Königsallee_Springorum","2026/02/15 19:00:00","2026/02/16 10:54:00",1.1,"2026/02/15 22:52:00",954,0.005,"Leichter Regen / Unterhalb DWD-Schwelle",1906,6.8,3.36,NA,NA,TRUE
"Königsallee_Springorum","2026/02/15 22:38:00","2026/02/15 22:56:00",0.9,"2026/02/15 22:52:00",18,0.064,"Leichter Regen / Unterhalb DWD-Schwelle",10,2.7,1.1,TRUE,"Level 1 – Leichter Regen (0.5–15 mm/h)",NA
"Herzogstraße","2026/02/16 03:51:00","2026/02/16 07:26:00",2.8,"2026/02/16 07:00:00",215,0.015,"Regenereignis / Natürlich",226,NA,NA,NA,NA,NA
"Herzogstraße","2026/02/16 05:00:00","2026/02/16 07:26:00",2.8,"2026/02/16 07:00:00",146,0.023,"Regenereignis / Natürlich",218,NA,NA,NA,NA,NA
"Herzogstraße","2026/02/16 06:46:00","2026/02/16 07:09:00",2.8,"2026/02/16 07:00:00",23,0.199,"Sturzflut-Ereignis",48,1.4,1.4,TRUE,"Level 1 – Leichter Regen (0.5–15 mm/h)",NA
"An_der_Kost","2026/02/16 07:50:00","2026/02/16 08:23:00",0.5,"2026/02/16 07:54:00",33,0.122,"Leichter Regen / Unterhalb DWD-Schwelle",68,0.05,0.6,NA,NA,TRUE
"Herzogstraße","2026/02/16 09:10:00","2026/02/16 09:36:00",3,"2026/02/16 09:20:00",26,0.297,"Sturzflut-Ereignis",44,NA,NA,NA,NA,NA
"Herzogstraße","2026/02/16 09:17:00","2026/02/16 09:36:00",3,"2026/02/16 09:20:00",19,0.968,"Sturzflut-Ereignis",36,0.2,0.2,TRUE,"Level 0 – Kein nennenswerter Regen",NA
"Königsallee_Springorum","2026/02/16 09:21:00","2026/02/16 10:46:00",0.9,"2026/02/16 09:52:00",85,0.029,"Leichter Regen / Unterhalb DWD-Schwelle",14,NA,NA,NA,NA,NA
"Herzogstraße","2026/02/16 10:46:00","2026/02/16 11:36:00",3.3,"2026/02/16 11:21:00",50,0.094,"Regenereignis / Natürlich",88,0.9,0.6,TRUE,"Level 1 – Leichter Regen (0.5–15 mm/h)",NA
"An_der_Kost","2026/02/16 13:26:00","2026/02/16 16:12:00",0.5,"2026/02/16 14:46:00",166,0.006,"Leichter Regen / Unterhalb DWD-Schwelle",332,0.49,0.72,NA,NA,TRUE
"An_der_Kost","2026/02/16 14:43:00","2026/02/16 16:01:00",0.7,"2026/02/16 14:46:00",78,0.226,"Leichter Regen / Unterhalb DWD-Schwelle",158,0.46,0.72,NA,NA,TRUE
"Königsallee_Springorum","2026/02/17 04:38:00","2026/02/17 07:02:00",0.5,"2026/02/17 05:04:00",144,0.019,"Leichter Regen / Unterhalb DWD-Schwelle",38,NA,NA,NA,NA,NA
"An_der_Kost","2026/02/17 09:59:00","2026/02/17 10:44:00",0.6,"2026/02/17 10:05:00",45,0.098,"Leichter Regen / Unterhalb DWD-Schwelle",30,NA,NA,NA,NA,NA
"An_der_Kost","2026/02/17 10:02:00","2026/02/17 10:08:00",0.6,"2026/02/17 10:05:00",6,0.194,"Leichter Regen / Unterhalb DWD-Schwelle",14,0.44,2.52,NA,NA,TRUE
"Herzogstraße","2026/02/17 15:32:00","2026/02/17 15:43:00",3.7,"2026/02/17 15:37:00",11,0.725,"Sturzflut-Ereignis",24,0.2,0.1,TRUE,"Level 0 – Kein nennenswerter Regen",NA
"Herzogstraße","2026/02/17 15:34:00","2026/02/17 15:43:00",3.7,"2026/02/17 15:37:00",9,1.194,"Sturzflut-Ereignis",20,0.4,0.2,TRUE,"Level 0 – Kein nennenswerter Regen",NA
"Herzogstraße","2026/02/17 20:26:00","2026/02/17 23:11:00",3.5,"2026/02/17 20:33:00",165,0.493,"Regenereignis / Natürlich",278,NA,NA,NA,NA,NA
"Herzogstraße","2026/02/18 02:02:00","2026/02/18 02:49:00",1.2,"2026/02/18 02:39:00",47,0.032,"Leichter Regen / Unterhalb DWD-Schwelle",70,0.1,0.1,TRUE,"Level 0 – Kein nennenswerter Regen",NA
"Wasserbaulabor_2","2026/02/18 09:06:30","2026/02/18 11:56:00",3.1,"2026/02/18 09:36:00",169.5,0.105,"Regenereignis / Natürlich",644,0,0,NA,"Level 0 – Kein nennenswerter Regen",FALSE
"Wasserbaulabor_2","2026/02/18 09:18:15","2026/02/18 09:48:45",3.1,"2026/02/18 09:36:00",30.5,0.174,"Sturzflut-Ereignis",206,0,0,FALSE,"Level 0 – Kein nennenswerter Regen",NA
"Wasserstraße_Springorum","2026/02/18 13:27:00","2026/02/19 02:52:00",1.1,"2026/02/18 13:41:00",805,0.078,"Leichter Regen / Unterhalb DWD-Schwelle",831,2.02,2.16,NA,NA,TRUE
"Königsallee_Springorum","2026/02/19 00:55:00","2026/02/19 14:15:00",1.1,"2026/02/19 03:40:00",800,0.007,"Leichter Regen / Unterhalb DWD-Schwelle",801,3.81,3,NA,NA,TRUE
"Königsallee_Springorum","2026/02/19 03:03:00","2026/02/19 04:32:00",0.9,"2026/02/19 03:40:00",89,0.024,"Leichter Regen / Unterhalb DWD-Schwelle",90,1.13,1.32,NA,NA,TRUE
"Wasserstraße_Springorum","2026/02/19 04:48:00","2026/02/19 11:40:00",4.3,"2026/02/19 08:24:00",412,0.02,"Regenereignis / Natürlich",413,1.91,3,NA,NA,TRUE
"An_der_Kost","2026/02/19 09:31:00","2026/02/19 11:51:00",0.6,"2026/02/19 11:08:00",140,0.006,"Leichter Regen / Unterhalb DWD-Schwelle",141,0.21,0.6,NA,NA,TRUE
"Herzogstraße","2026/02/19 09:39:00","2026/02/19 09:50:00",4.7,"2026/02/19 09:47:00",11,0.58,"Sturzflut-Ereignis",6,1.5,0.7,TRUE,"Level 1 – Leichter Regen (0.5–15 mm/h)",NA
"An_der_Kost","2026/02/19 09:40:00","2026/02/19 11:32:00",0.4,"2026/02/19 11:08:00",112,0.005,"Leichter Regen / Unterhalb DWD-Schwelle",113,0.18,0.6,NA,NA,TRUE
"An_der_Kost","2026/02/19 09:50:00","2026/02/19 11:22:00",0.6,"2026/02/19 11:07:00",92,0.008,"Leichter Regen / Unterhalb DWD-Schwelle",12,0.11,0.48,NA,"Level 0 – Kein nennenswerter Regen",TRUE
"An_der_Kost","2026/02/19 10:57:00","2026/02/19 11:22:00",0.6,"2026/02/19 11:07:00",25,0.059,"Leichter Regen / Unterhalb DWD-Schwelle",9,2.7,1.1,TRUE,"Level 1 – Leichter Regen (0.5–15 mm/h)",NA
"Herzogstraße","2026/02/19 12:13:00","2026/02/19 12:51:00",3.1,"2026/02/19 12:34:00",38,0.147,"Sturzflut-Ereignis",28,3.4000000000000004,1.5,TRUE,"Level 1 – Leichter Regen (0.5–15 mm/h)",NA
"Herzogstraße","2026/02/19 12:14:00","2026/02/19 12:51:00",3.1,"2026/02/19 12:34:00",37,0.154,"Sturzflut-Ereignis",21,3.9,1.5,TRUE,"Level 1 – Leichter Regen (0.5–15 mm/h)",NA
"Herzogstraße","2026/02/20 08:41:00","2026/02/20 09:41:00",0.8,"2026/02/20 08:59:00",60,0.044,"Leichter Regen / Unterhalb DWD-Schwelle",29,NA,NA,NA,NA,NA
"Königsallee_Springorum","2026/02/21 16:22:00","2026/02/21 19:56:00",0.5,"2026/02/21 16:51:00",214,0.017,"Leichter Regen / Unterhalb DWD-Schwelle",215,0.1,0.6,NA,NA,TRUE
"An_der_Kost","2026/02/22 09:59:00","2026/02/22 15:21:00",0.4,"2026/02/22 11:29:00",322,0.004,"Leichter Regen / Unterhalb DWD-Schwelle",323,0.43,2.52,NA,NA,TRUE
"An_der_Kost","2026/02/22 17:17:00","2026/02/22 19:24:00",0.4,"2026/02/22 17:20:00",127,0.129,"Leichter Regen / Unterhalb DWD-Schwelle",128,4.49,4.68,NA,NA,TRUE
"Herzogstraße","2026/02/22 21:44:00","2026/02/22 22:10:00",4.2,"2026/02/22 21:56:00",26,0.347,"Sturzflut-Ereignis",16,1.6,0.8,TRUE,"Level 1 – Leichter Regen (0.5–15 mm/h)",NA
"Königsallee_Springorum","2026/02/23 21:53:00","2026/02/24 06:34:00",0.6,"2026/02/23 21:56:00",521,0.194,"Leichter Regen / Unterhalb DWD-Schwelle",522,2.82,1.56,NA,NA,TRUE
"An_der_Kost","2026/02/23 21:56:00","2026/02/24 04:06:00",0.5,"2026/02/24 03:24:00",370,0.002,"Leichter Regen / Unterhalb DWD-Schwelle",371,1.99,1.56,NA,NA,TRUE
"An_der_Kost","2026/02/23 22:16:00","2026/02/24 03:36:00",0.5,"2026/02/24 03:24:00",320,0.002,"Leichter Regen / Unterhalb DWD-Schwelle",321,1.71,1.56,NA,NA,TRUE
"An_der_Kost","2026/02/23 23:01:00","2026/02/23 23:23:00",0.6,"2026/02/23 23:12:00",22,0.054,"Leichter Regen / Unterhalb DWD-Schwelle",3,2.1999999999999997,1.4,TRUE,"Level 1 – Leichter Regen (0.5–15 mm/h)",NA
"Königsallee_Springorum","2026/02/23 23:58:00","2026/02/24 00:22:00",0.6,"2026/02/24 00:07:00",24,0.066,"Leichter Regen / Unterhalb DWD-Schwelle",7,3.3,1.4,TRUE,"Level 1 – Leichter Regen (0.5–15 mm/h)",NA
"An_der_Kost","2026/02/24 03:18:00","2026/02/24 03:29:00",0.5,"2026/02/24 03:24:00",11,0.082,"Leichter Regen / Unterhalb DWD-Schwelle",12,1.14,1.08,NA,NA,TRUE
"Königsallee_Springorum","2026/02/27 04:41:00","2026/02/27 07:38:00",1,"2026/02/27 07:09:00",177,0.007,"Leichter Regen / Unterhalb DWD-Schwelle",9,NA,NA,NA,NA,NA
"Königsallee_Springorum","2026/02/27 23:54:00","2026/02/28 00:12:00",0.6,"2026/02/28 00:02:00",18,0.074,"Leichter Regen / Unterhalb DWD-Schwelle",4,1.2,0.6,TRUE,"Level 1 – Leichter Regen (0.5–15 mm/h)",NA
"Herzogstraße","2026/02/28 04:53:00","2026/02/28 05:32:00",2.6,"2026/02/28 05:19:00",39,0.1,"Sturzflut-Ereignis",20,1.3,1,TRUE,"Level 1 – Leichter Regen (0.5–15 mm/h)",NA
"Wasserstraße_Springorum","2026/03/01 11:23:00","2026/03/01 11:50:00",0.7,"2026/03/01 11:38:00",27,0.046,"Leichter Regen / Unterhalb DWD-Schwelle",6,NA,NA,NA,NA,NA
"Herzogstraße","2026/03/02 04:25:00","2026/03/02 06:18:00",26.7,"2026/03/02 06:15:00",113,0.243,"Regenereignis / Natürlich",69,NA,NA,NA,NA,NA
"Herzogstraße","2026/03/02 10:46:00","2026/03/02 12:33:00",23,"2026/03/02 12:17:00",107,0.252,"Regenereignis / Natürlich",49,NA,NA,NA,NA,NA
"Wasserstraße_Springorum","2026/03/02 18:16:00","2026/03/02 19:12:00",0.6,"2026/03/02 18:33:00",56,0.035,"Leichter Regen / Unterhalb DWD-Schwelle",6,NA,NA,NA,NA,NA
"Wasserstraße_Springorum","2026/03/03 00:59:00","2026/03/03 01:32:00",0.6,"2026/03/03 01:15:00",33,0.037,"Leichter Regen / Unterhalb DWD-Schwelle",3,NA,NA,NA,NA,NA
"Königsallee_Springorum","2026/03/03 01:12:00","2026/03/03 02:28:00",0.5,"2026/03/03 02:12:00",76,0.008,"Leichter Regen / Unterhalb DWD-Schwelle",3,NA,NA,NA,NA,NA
"Herzogstraße","2026/03/03 13:24:00","2026/03/03 15:46:00",38.9,"2026/03/03 14:20:00",142,0.693,"Sturzflut-Ereignis",142,NA,NA,NA,NA,NA
"Wasserstraße_Springorum","2026/03/03 14:00:00","2026/03/03 14:34:00",0.6,"2026/03/03 14:20:00",34,0.03,"Leichter Regen / Unterhalb DWD-Schwelle",4,NA,NA,NA,NA,NA
"Herzogstraße","2026/03/04 06:55:00","2026/03/04 08:45:00",26.6,"2026/03/04 08:36:00",110,0.263,"Regenereignis / Natürlich",36,NA,NA,NA,NA,NA
"Wasserstraße_Springorum","2026/03/04 07:14:00","2026/03/04 07:53:00",0.7,"2026/03/04 07:33:00",39,0.037,"Leichter Regen / Unterhalb DWD-Schwelle",4,NA,NA,NA,NA,NA
"Wasserstraße_Springorum","2026/03/04 13:21:00","2026/03/04 13:48:00",0.6,"2026/03/04 13:40:00",27,0.031,"Leichter Regen / Unterhalb DWD-Schwelle",5,NA,NA,NA,NA,NA
"Wasserstraße_Springorum","2026/03/05 13:12:00","2026/03/05 13:29:00",1.2,"2026/03/05 13:15:00",17,0.387,"Leichter Regen / Unterhalb DWD-Schwelle",4,NA,NA,NA,NA,NA
"Wasserstraße_Springorum","2026/03/06 06:19:00","2026/03/06 07:00:00",1.5,"2026/03/06 06:27:00",41,0.185,"Leichter Regen / Unterhalb DWD-Schwelle",5,NA,NA,NA,NA,NA
"Wasserstraße_Springorum","2026/03/07 10:04:00","2026/03/07 10:41:00",0.8,"2026/03/07 10:24:00",37,0.04,"Leichter Regen / Unterhalb DWD-Schwelle",3,NA,NA,NA,NA,NA
"Wasserstraße_Springorum","2026/03/07 11:44:00","2026/03/07 12:09:00",0.8,"2026/03/07 12:02:00",25,0.044,"Leichter Regen / Unterhalb DWD-Schwelle",4,NA,NA,NA,NA,NA
"Wasserstraße_Springorum","2026/03/08 00:11:00","2026/03/08 00:28:00",0.6,"2026/03/08 00:15:00",17,0.146,"Leichter Regen / Unterhalb DWD-Schwelle",3,NA,NA,NA,NA,NA
"Königsallee_Springorum","2026/03/08 04:01:00","2026/03/08 07:17:00",0.5,"2026/03/08 04:37:00",196,0.014,"Leichter Regen / Unterhalb DWD-Schwelle",25,NA,NA,NA,NA,NA
"Wasserstraße_Springorum","2026/03/08 09:56:00","2026/03/08 10:21:00",0.7,"2026/03/08 10:02:00",25,0.115,"Leichter Regen / Unterhalb DWD-Schwelle",7,NA,NA,NA,NA,NA
"Wasserstraße_Springorum","2026/03/09 22:39:00","2026/03/09 23:33:00",5.3,"2026/03/09 22:54:30",54,0.34,"Regenereignis / Natürlich",8,NA,NA,NA,NA,NA
"Königsallee_Springorum","2026/03/10 05:06:30","2026/03/10 07:46:00",0.6,"2026/03/10 06:47:00",159.5,0.006,"Leichter Regen / Unterhalb DWD-Schwelle",7,NA,NA,NA,NA,NA
"Wasserstraße_Springorum","2026/03/11 05:51:30","2026/03/11 12:06:00",6.5,"2026/03/11 11:31:30",374.5,0.019,"Regenereignis / Natürlich",750,1.01,4.8,NA,NA,TRUE
"Wasserstraße_Springorum","2026/03/11 11:20:30","2026/03/11 12:06:00",6,"2026/03/11 11:31:30",45.5,0.541,"Sturzflut-Ereignis",92,0.35,0.6,NA,NA,TRUE
"Königsallee_Springorum","2026/03/11 12:03:30","2026/03/11 12:22:00",0.6,"2026/03/11 12:17:30",18.5,0.043,"Leichter Regen / Unterhalb DWD-Schwelle",38,0.39,0.6,NA,NA,TRUE
"An_der_Kost","2026/03/11 13:17:30","2026/03/11 14:50:30",0.3,"2026/03/11 14:14:30",93,0.005,"Leichter Regen / Unterhalb DWD-Schwelle",187,2.91,2.52,NA,NA,TRUE
"Herzogstraße","2026/03/12 12:36:00","2026/03/12 13:34:00",18.8,"2026/03/12 13:11:00",58,0.536,"Sturzflut-Ereignis",54,NA,NA,NA,NA,NA
"An_der_Kost","2026/03/13 10:40:00","2026/03/13 16:06:30",0.5,"2026/03/13 13:20:00",326.5,0.003,"Leichter Regen / Unterhalb DWD-Schwelle",654,1.05,3.12,NA,NA,TRUE
"An_der_Kost","2026/03/13 13:16:30","2026/03/13 13:39:30",0.7,"2026/03/13 13:20:30",23,0.171,"Leichter Regen / Unterhalb DWD-Schwelle",15,1,0.7,TRUE,"Level 1 – Leichter Regen (0.5–15 mm/h)",NA
"Königsallee_Springorum","2026/03/13 16:32:00","2026/03/13 17:17:00",0.6,"2026/03/13 16:58:00",45,0.023,"Leichter Regen / Unterhalb DWD-Schwelle",5,3.4000000000000004,1.6,TRUE,"Level 1 – Leichter Regen (0.5–15 mm/h)",NA
"An_der_Kost","2026/03/13 17:08:00","2026/03/13 21:44:30",0.3,"2026/03/13 17:31:00",276.5,0.013,"Leichter Regen / Unterhalb DWD-Schwelle",554,8.81,4.2,NA,NA,TRUE
"Königsallee_Springorum","2026/03/13 21:33:00","2026/03/13 22:29:00",0.7,"2026/03/13 22:22:30",56,0.014,"Leichter Regen / Unterhalb DWD-Schwelle",10,2.9000000000000004,0.8,TRUE,"Level 1 – Leichter Regen (0.5–15 mm/h)",NA
"Königsallee_Springorum","2026/03/14 01:14:30","2026/03/14 02:11:00",0.9,"2026/03/14 01:25:30",56.5,0.081,"Leichter Regen / Unterhalb DWD-Schwelle",9,2.1,0.6,TRUE,"Level 1 – Leichter Regen (0.5–15 mm/h)",NA
"Königsallee_Springorum","2026/03/14 03:29:30","2026/03/14 03:51:00",0.8,"2026/03/14 03:46:30",21.5,0.047,"Leichter Regen / Unterhalb DWD-Schwelle",4,1.2,0.6,TRUE,"Level 1 – Leichter Regen (0.5–15 mm/h)",NA
"Königsallee_Springorum","2026/03/14 04:18:30","2026/03/14 04:39:30",0.5,"2026/03/14 04:24:00",21,0.089,"Leichter Regen / Unterhalb DWD-Schwelle",43,1.8,1.44,NA,NA,TRUE
"An_der_Kost","2026/03/14 05:30:00","2026/03/14 06:07:30",1,"2026/03/14 05:58:30",37.5,0.035,"Leichter Regen / Unterhalb DWD-Schwelle",4,NA,NA,NA,NA,NA
"An_der_Kost","2026/03/14 08:47:00","2026/03/14 09:27:00",0.3,"2026/03/14 08:54:30",40,0.039,"Leichter Regen / Unterhalb DWD-Schwelle",81,0.08,0.96,NA,NA,TRUE
"Königsallee_Springorum","2026/03/16 00:29:00","2026/03/16 08:34:00",1.3,"2026/03/16 00:48:00",485,0.068,"Leichter Regen / Unterhalb DWD-Schwelle",971,0.85,3.6,NA,NA,TRUE
"Wasserstraße_Springorum","2026/03/17 01:19:00","2026/03/17 01:43:30",0.6,"2026/03/17 01:23:00",24.5,0.146,"Leichter Regen / Unterhalb DWD-Schwelle",8,NA,NA,NA,NA,NA
"Wasserstraße_Springorum","2026/03/17 14:12:30","2026/03/17 15:04:00",0.6,"2026/03/17 14:56:30",51.5,0.014,"Leichter Regen / Unterhalb DWD-Schwelle",7,NA,NA,NA,NA,NA
"Wasserstraße_Springorum","2026/03/17 15:29:00","2026/03/17 15:49:30",0.6,"2026/03/17 15:34:30",20.5,0.107,"Leichter Regen / Unterhalb DWD-Schwelle",4,NA,NA,NA,NA,NA
"Wasserstraße_Springorum","2026/03/18 05:00:30","2026/03/18 05:19:00",4.9,"2026/03/18 05:07:30",18.5,0.69,"Sturzflut-Ereignis",4,NA,NA,NA,NA,NA
"Wasserstraße_Springorum","2026/03/18 06:32:00","2026/03/18 06:53:30",0.6,"2026/03/18 06:44:00",21.5,0.05,"Leichter Regen / Unterhalb DWD-Schwelle",3,NA,NA,NA,NA,NA
"Wasserstraße_Springorum","2026/03/18 07:45:00","2026/03/18 08:03:30",0.6,"2026/03/18 07:48:30",18.5,0.167,"Leichter Regen / Unterhalb DWD-Schwelle",4,NA,NA,NA,NA,NA
"Wasserstraße_Springorum","2026/03/18 15:37:30","2026/03/18 16:10:30",4.9,"2026/03/18 15:44:00",33,0.742,"Sturzflut-Ereignis",5,NA,NA,NA,NA,NA
"Herzogstraße","2026/03/19 10:23:00","2026/03/19 11:11:00",14.9,"2026/03/19 11:05:00",48,0.354,"Regenereignis / Natürlich",49,NA,NA,NA,NA,NA
"Wasserstraße_Springorum","2026/03/19 18:55:30","2026/03/19 19:29:00",4.5,"2026/03/19 19:13:00",33.5,0.256,"Sturzflut-Ereignis",3,NA,NA,NA,NA,NA
"Wasserstraße_Springorum","2026/03/19 20:55:00","2026/03/19 21:46:30",0.6,"2026/03/19 21:34:30",51.5,0.015,"Leichter Regen / Unterhalb DWD-Schwelle",9,NA,NA,NA,NA,NA
"Wasserstraße_Springorum","2026/03/20 04:13:30","2026/03/20 04:33:30",0.6,"2026/03/20 04:21:00",20,0.079,"Leichter Regen / Unterhalb DWD-Schwelle",4,NA,NA,NA,NA,NA
"Wasserstraße_Springorum","2026/03/20 05:47:30","2026/03/20 06:05:30",1.2,"2026/03/20 05:56:30",18,0.132,"Leichter Regen / Unterhalb DWD-Schwelle",5,NA,NA,NA,NA,NA
"Herzogstraße","2026/03/20 10:41:00","2026/03/20 11:11:00",32.9,"2026/03/20 10:53:00",30,2.719,"Sturzflut-Ereignis",31,NA,NA,NA,NA,NA
"Wasserstraße_Springorum","2026/03/21 12:17:00","2026/03/21 13:05:00",0.8,"2026/03/21 12:51:00",48,0.023,"Leichter Regen / Unterhalb DWD-Schwelle",8,NA,NA,NA,NA,NA
"Wasserstraße_Springorum","2026/03/21 13:50:00","2026/03/21 14:32:00",1.5,"2026/03/21 13:58:00",42,0.185,"Leichter Regen / Unterhalb DWD-Schwelle",5,NA,NA,NA,NA,NA
"Wasserstraße_Springorum","2026/03/21 15:12:30","2026/03/21 16:07:30",0.6,"2026/03/21 15:24:30",55,0.05,"Leichter Regen / Unterhalb DWD-Schwelle",6,NA,NA,NA,NA,NA
"Wasserstraße_Springorum","2026/03/23 07:38:30","2026/03/23 08:28:00",0.7,"2026/03/23 07:59:30",49.5,0.033,"Leichter Regen / Unterhalb DWD-Schwelle",7,NA,NA,NA,NA,NA
"Wasserstraße_Springorum","2026/03/23 13:16:30","2026/03/23 13:53:00",0.9,"2026/03/23 13:29:00",36.5,0.071,"Leichter Regen / Unterhalb DWD-Schwelle",7,NA,NA,NA,NA,NA
"Wasserstraße_Springorum","2026/03/24 11:27:00","2026/03/24 11:52:30",1.2,"2026/03/24 11:40:30",25.5,0.088,"Leichter Regen / Unterhalb DWD-Schwelle",4,NA,NA,NA,NA,NA
"Wasserstraße_Springorum","2026/03/24 12:21:00","2026/03/24 12:43:00",1.1,"2026/03/24 12:34:00",22,0.084,"Leichter Regen / Unterhalb DWD-Schwelle",3,NA,NA,NA,NA,NA
"Wasserstraße_Springorum","2026/03/24 22:22:00","2026/03/24 22:50:30",0.6,"2026/03/24 22:47:00",28.5,0.024,"Leichter Regen / Unterhalb DWD-Schwelle",5,NA,NA,NA,NA,NA
"Wasserstraße_Springorum","2026/03/24 23:29:00","2026/03/24 23:50:30",0.6,"2026/03/24 23:42:00",21.5,0.046,"Leichter Regen / Unterhalb DWD-Schwelle",4,NA,NA,NA,NA,NA
"Wasserstraße_Springorum","2026/03/25 06:58:30","2026/03/25 07:22:00",0.8,"2026/03/25 07:10:30",23.5,0.066,"Leichter Regen / Unterhalb DWD-Schwelle",4,0.6,0.3,TRUE,"Level 0 – Kein nennenswerter Regen",NA
"Königsallee_Springorum","2026/03/25 08:19:30","2026/03/25 08:53:30",0.6,"2026/03/25 08:32:00",34,0.048,"Leichter Regen / Unterhalb DWD-Schwelle",69,0.34,1.44,NA,NA,TRUE
"Königsallee_Springorum","2026/03/25 08:25:30","2026/03/25 08:50:00",0.6,"2026/03/25 08:32:00",24.5,0.091,"Leichter Regen / Unterhalb DWD-Schwelle",42,0.34,1.44,NA,"Level 1 – Leichter Regen (0.5–15 mm/h)",TRUE
"Wasserstraße_Springorum","2026/03/25 08:44:00","2026/03/25 09:25:00",5.5,"2026/03/25 09:00:30",41,0.331,"Sturzflut-Ereignis",83,0.34,1.44,NA,NA,TRUE
"Königsallee_Springorum","2026/03/25 10:24:30","2026/03/25 12:30:30",0.6,"2026/03/25 11:26:30",126,0.01,"Leichter Regen / Unterhalb DWD-Schwelle",253,0.75,2.16,NA,NA,TRUE
"Königsallee_Springorum","2026/03/25 11:14:30","2026/03/25 11:50:30",0.6,"2026/03/25 11:26:30",36,0.05,"Leichter Regen / Unterhalb DWD-Schwelle",38,0.16,0.84,NA,"Level 1 – Leichter Regen (0.5–15 mm/h)",TRUE
"Königsallee_Springorum","2026/03/25 19:59:30","2026/03/26 07:46:30",0.6,"2026/03/25 20:39:00",707,0.015,"Leichter Regen / Unterhalb DWD-Schwelle",1415,2.19,3.36,NA,NA,TRUE
"Königsallee_Springorum","2026/03/25 20:24:00","2026/03/25 22:33:30",0.6,"2026/03/25 20:39:00",129.5,0.04,"Leichter Regen / Unterhalb DWD-Schwelle",95,1.92,3.36,NA,"Level 1 – Leichter Regen (0.5–15 mm/h)",TRUE
"Königsallee_Springorum","2026/03/26 07:13:00","2026/03/26 07:46:30",0.6,"2026/03/26 07:40:30",33.5,0.022,"Leichter Regen / Unterhalb DWD-Schwelle",5,NA,NA,NA,NA,NA
"An_der_Kost","2026/03/26 11:39:30","2026/03/26 11:55:30",0.5,"2026/03/26 11:44:00",16,0.109,"Leichter Regen / Unterhalb DWD-Schwelle",33,0.83,2.4,NA,NA,TRUE
"An_der_Kost","2026/03/26 15:20:00","2026/03/26 15:44:00",0.5,"2026/03/26 15:23:30",24,0.139,"Leichter Regen / Unterhalb DWD-Schwelle",49,0.38,2.52,NA,NA,TRUE
"Königsallee_Springorum","2026/03/28 00:17:30","2026/03/28 12:38:00",0.7,"2026/03/28 03:31:00",740.5,0.004,"Leichter Regen / Unterhalb DWD-Schwelle",1482,7.27,4.8,NA,NA,TRUE
"An_der_Kost","2026/03/28 06:47:30","2026/03/28 09:42:30",0.5,"2026/03/28 06:59:30",175,0.041,"Leichter Regen / Unterhalb DWD-Schwelle",351,4.17,3.48,NA,NA,TRUE
"Königsallee_Springorum","2026/03/28 08:04:00","2026/03/28 08:17:00",0.5,"2026/03/28 08:11:00",13,0.07,"Leichter Regen / Unterhalb DWD-Schwelle",27,3.38,4.8,NA,NA,TRUE
"Königsallee_Springorum","2026/03/29 02:54:00","2026/03/29 03:21:00",0.6,"2026/03/29 03:12:30",27,0.032,"Leichter Regen / Unterhalb DWD-Schwelle",14,2.2,2.1,TRUE,"Level 1 – Leichter Regen (0.5–15 mm/h)",NA
"Wasserstraße_Springorum","2026/03/29 11:16:00","2026/03/29 21:46:00",1.3,"2026/03/29 12:47:00",630,0.014,"Leichter Regen / Unterhalb DWD-Schwelle",1261,0.77,0.96,NA,NA,TRUE
"Königsallee_Springorum","2026/03/29 21:02:00","2026/03/30 07:46:00",0.9,"2026/03/29 23:14:30",644,0.007,"Leichter Regen / Unterhalb DWD-Schwelle",1289,3.77,7.08,NA,NA,TRUE
"Königsallee_Springorum","2026/03/29 21:15:30","2026/03/30 07:33:00",0.8,"2026/03/29 23:14:30",617.5,0.007,"Leichter Regen / Unterhalb DWD-Schwelle",1236,3.77,7.08,NA,NA,TRUE
"An_der_Kost","2026/03/29 22:09:00","2026/03/30 00:06:30",0.7,"2026/03/29 22:44:00",117.5,0.02,"Leichter Regen / Unterhalb DWD-Schwelle",236,2.29,2.04,NA,NA,TRUE
"An_der_Kost","2026/03/29 22:31:00","2026/03/29 23:48:30",0.7,"2026/03/29 22:44:00",77.5,0.053,"Leichter Regen / Unterhalb DWD-Schwelle",121,2.2,2.04,NA,"Level 1 – Leichter Regen (0.5–15 mm/h)",TRUE
"An_der_Kost","2026/03/29 22:34:00","2026/03/29 23:24:30",0.3,"2026/03/29 22:44:00",50.5,0.03,"Leichter Regen / Unterhalb DWD-Schwelle",102,1.89,2.04,NA,NA,TRUE
"An_der_Kost","2026/03/30 01:34:30","2026/03/30 05:43:00",0.8,"2026/03/30 02:15:30",248.5,0.019,"Leichter Regen / Unterhalb DWD-Schwelle",498,2.63,4.8,NA,NA,TRUE
"An_der_Kost","2026/03/30 01:37:00","2026/03/30 03:07:00",0.4,"2026/03/30 02:15:30",90,0.01,"Leichter Regen / Unterhalb DWD-Schwelle",181,1.09,2.04,NA,NA,TRUE
"Herzogstraße","2026/03/30 02:20:00","2026/03/30 02:29:00",2.4,"2026/03/30 02:23:00",9,0.774,"Sturzflut-Ereignis",7,2.4000000000000004,2.2,TRUE,"Level 1 – Leichter Regen (0.5–15 mm/h)",NA
"Herzogstraße","2026/04/01 07:56:00","2026/04/01 08:51:00",19,"2026/04/01 08:30:00",55,0.557,"Sturzflut-Ereignis",50,NA,NA,NA,NA,NA
"Königsallee_Springorum","2026/04/02 01:44:00","2026/04/02 01:51:00",0.6,"2026/04/02 01:48:00",7,0.146,"Leichter Regen / Unterhalb DWD-Schwelle",4,NA,NA,NA,NA,NA
"Herzogstraße","2026/04/02 05:20:00","2026/04/02 07:35:00",17.6,"2026/04/02 07:28:00",135,0.137,"Regenereignis / Natürlich",114,NA,NA,NA,NA,NA
"Herzogstraße","2026/04/02 13:20:00","2026/04/02 14:02:00",17.3,"2026/04/02 13:56:00",42,0.479,"Sturzflut-Ereignis",43,0.1,0.1,TRUE,"Level 0 – Kein nennenswerter Regen",NA
"Wasserstraße_Springorum","2026/04/02 20:32:30","2026/04/02 21:03:00",0.7,"2026/04/02 20:46:30",30.5,0.05,"Leichter Regen / Unterhalb DWD-Schwelle",11,0.2,0.2,TRUE,"Level 0 – Kein nennenswerter Regen",NA
"Wasserstraße_Springorum","2026/04/03 09:17:00","2026/04/03 09:38:00",0.8,"2026/04/03 09:27:00",21,0.079,"Leichter Regen / Unterhalb DWD-Schwelle",5,NA,NA,NA,NA,NA
"Königsallee_Springorum","2026/04/03 19:07:00","2026/04/03 21:25:30",0.6,"2026/04/03 20:20:30",138.5,0.008,"Leichter Regen / Unterhalb DWD-Schwelle",22,0.05,0.24,NA,"Level 0 – Kein nennenswerter Regen",TRUE
"Wasserstraße_Springorum","2026/04/03 19:45:30","2026/04/03 20:14:00",0.6,"2026/04/03 19:59:30",28.5,0.043,"Leichter Regen / Unterhalb DWD-Schwelle",4,NA,NA,NA,NA,NA
"Wasserstraße_Springorum","2026/04/04 15:08:00","2026/04/04 15:36:30",0.6,"2026/04/04 15:24:30",28.5,0.036,"Leichter Regen / Unterhalb DWD-Schwelle",5,0.1,0.1,TRUE,"Level 0 – Kein nennenswerter Regen",NA
"Wasserstraße_Springorum","2026/04/06 17:29:00","2026/04/06 18:12:30",0.7,"2026/04/06 18:05:30",43.5,0.019,"Leichter Regen / Unterhalb DWD-Schwelle",6,NA,NA,NA,NA,NA
"Wasserstraße_Springorum","2026/04/09 07:25:30","2026/04/09 08:22:30",0.7,"2026/04/09 07:35:30",57,0.069,"Leichter Regen / Unterhalb DWD-Schwelle",7,NA,NA,NA,NA,NA
"Wasserstraße_Springorum","2026/04/09 10:49:30","2026/04/09 11:01:00",3.2,"2026/04/09 10:53:30",11.5,0.78,"Sturzflut-Ereignis",4,NA,NA,NA,NA,NA
"Wasserstraße_Springorum","2026/04/09 20:50:00","2026/04/09 21:22:30",0.8,"2026/04/09 21:13:30",32.5,0.034,"Leichter Regen / Unterhalb DWD-Schwelle",4,NA,NA,NA,NA,NA
"Königsallee_Springorum","2026/04/10 03:40:00","2026/04/10 05:36:30",2.7,"2026/04/10 04:44:30",116.5,0.042,"Regenereignis / Natürlich",5,NA,NA,NA,NA,NA
"Wasserstraße_Springorum","2026/04/10 11:21:00","2026/04/10 11:54:30",1.2,"2026/04/10 11:39:00",33.5,0.066,"Leichter Regen / Unterhalb DWD-Schwelle",3,NA,NA,NA,NA,NA
"Wasserstraße_Springorum","2026/04/11 09:41:00","2026/04/11 10:04:30",1.4,"2026/04/11 09:58:30",23.5,0.08,"Leichter Regen / Unterhalb DWD-Schwelle",3,NA,NA,NA,NA,NA
"An_der_Kost","2026/04/11 19:10:30","2026/04/11 20:30:00",0.6,"2026/04/11 19:21:00",79.5,0.057,"Leichter Regen / Unterhalb DWD-Schwelle",160,2.91,7.8,NA,NA,TRUE
"An_der_Kost","2026/04/11 19:14:00","2026/04/11 20:25:00",0.6,"2026/04/11 19:21:00",71,0.085,"Leichter Regen / Unterhalb DWD-Schwelle",143,2.91,7.8,NA,NA,TRUE
"An_der_Kost","2026/04/11 19:15:30","2026/04/11 20:16:00",0.6,"2026/04/11 19:21:00",60.5,0.107,"Leichter Regen / Unterhalb DWD-Schwelle",67,2.91,7.8,NA,"Level 1 – Leichter Regen (0.5–15 mm/h)",TRUE
"Königsallee_Springorum","2026/04/11 19:17:00","2026/04/11 19:54:30",0.8,"2026/04/11 19:47:00",37.5,0.027,"Leichter Regen / Unterhalb DWD-Schwelle",11,2.3000000000000003,2.2,TRUE,"Level 1 – Leichter Regen (0.5–15 mm/h)",NA
"Königsallee_Springorum","2026/04/11 19:31:00","2026/04/11 19:50:30",0.7,"2026/04/11 19:47:00",19.5,0.043,"Leichter Regen / Unterhalb DWD-Schwelle",4,2.3000000000000003,2.2,TRUE,"Level 1 – Leichter Regen (0.5–15 mm/h)",NA
"An_der_Kost","2026/04/11 21:38:00","2026/04/11 22:14:00",0.5,"2026/04/11 21:54:00",36,0.031,"Leichter Regen / Unterhalb DWD-Schwelle",73,2.29,7.8,NA,NA,TRUE
"An_der_Kost","2026/04/11 21:39:00","2026/04/11 22:05:00",0.6,"2026/04/11 21:54:00",26,0.04,"Leichter Regen / Unterhalb DWD-Schwelle",29,2.29,7.8,NA,"Level 1 – Leichter Regen (0.5–15 mm/h)",TRUE
"An_der_Kost","2026/04/11 21:41:00","2026/04/11 22:05:00",0.6,"2026/04/11 21:56:30",24,0.038,"Leichter Regen / Unterhalb DWD-Schwelle",11,5.800000000000001,2.2,TRUE,"Level 1 – Leichter Regen (0.5–15 mm/h)",NA
"An_der_Kost","2026/04/11 21:48:30","2026/04/11 22:08:00",0.5,"2026/04/11 21:54:00",19.5,0.089,"Leichter Regen / Unterhalb DWD-Schwelle",40,2.29,7.8,NA,NA,TRUE
"Königsallee_Springorum","2026/04/12 02:34:30","2026/04/12 03:20:30",0.8,"2026/04/12 03:07:00",46,0.025,"Leichter Regen / Unterhalb DWD-Schwelle",8,NA,NA,NA,NA,NA
"Wasserstraße_Springorum","2026/04/13 11:02:30","2026/04/13 11:36:00",1.5,"2026/04/13 11:19:30",33.5,0.088,"Leichter Regen / Unterhalb DWD-Schwelle",3,NA,NA,NA,NA,NA
"Königsallee_Springorum","2026/04/13 15:34:00","2026/04/14 07:14:00",0.6,"2026/04/13 18:47:30",940,0.003,"Leichter Regen / Unterhalb DWD-Schwelle",1881,1.5,0.36,NA,NA,TRUE
"Königsallee_Springorum","2026/04/13 18:05:30","2026/04/13 18:58:30",0.6,"2026/04/13 18:26:30",53,0.028,"Leichter Regen / Unterhalb DWD-Schwelle",17,NA,NA,NA,NA,NA
"Königsallee_Springorum","2026/04/13 18:32:30","2026/04/13 18:59:30",0.5,"2026/04/13 18:47:30",27,0.033,"Leichter Regen / Unterhalb DWD-Schwelle",55,1.2,0.36,NA,NA,TRUE
"Königsallee_Springorum","2026/04/13 23:38:00","2026/04/14 00:23:30",0.6,"2026/04/14 00:16:00",45.5,0.016,"Leichter Regen / Unterhalb DWD-Schwelle",9,NA,NA,NA,NA,NA
"Königsallee_Springorum","2026/04/18 15:25:30","2026/04/19 05:22:30",1.4,"2026/04/19 00:35:00",837,0.003,"Leichter Regen / Unterhalb DWD-Schwelle",1675,13.24,19.44,NA,NA,TRUE
"An_der_Kost","2026/04/19 00:23:30","2026/04/19 02:28:30",0.7,"2026/04/19 00:45:00",125,0.032,"Leichter Regen / Unterhalb DWD-Schwelle",251,0.25,2.52,NA,NA,TRUE
"An_der_Kost","2026/04/19 00:35:00","2026/04/19 02:05:30",0.4,"2026/04/19 00:45:00",90.5,0.04,"Leichter Regen / Unterhalb DWD-Schwelle",182,44.02,20.16,NA,NA,TRUE
"Königsallee_Springorum","2026/05/04 16:10:00","2026/05/05 06:50:00",0.8,"2026/05/04 20:17:30",880,0.003,"Leichter Regen / Unterhalb DWD-Schwelle",1761,2.25,1.68,NA,NA,TRUE
"An_der_Kost","2026/05/05 21:43:00","2026/05/06 03:44:00",0.5,"2026/05/06 00:31:00",361,0.003,"Leichter Regen / Unterhalb DWD-Schwelle",723,42.9,9.48,NA,NA,TRUE
"An_der_Kost","2026/05/06 00:06:00","2026/05/06 00:34:30",0.5,"2026/05/06 00:31:00",28.5,0.02,"Leichter Regen / Unterhalb DWD-Schwelle",58,0.78,1.44,NA,NA,TRUE
"An_der_Kost","2026/05/11 06:13:00","2026/05/11 08:32:00",0.3,"2026/05/11 06:30:00",139,0.018,"Leichter Regen / Unterhalb DWD-Schwelle",279,5.95,5.16,NA,NA,TRUE
"Wasserstraße_Springorum","2026/05/11 12:42:30","2026/05/12 08:00:00",0.9,"2026/05/11 21:05:00",1157.5,0.002,"Leichter Regen / Unterhalb DWD-Schwelle",2316,2.36,3.24,NA,NA,TRUE
"Wasserstraße_Springorum","2026/05/13 08:08:30","2026/05/13 11:51:00",0.9,"2026/05/13 08:40:00",222.5,0.028,"Leichter Regen / Unterhalb DWD-Schwelle",446,0.3,0.72,NA,NA,TRUE
"An_der_Kost","2026/05/13 13:08:00","2026/05/13 13:58:00",0.4,"2026/05/13 13:13:30",50,0.071,"Leichter Regen / Unterhalb DWD-Schwelle",101,0.23,0.84,NA,NA,TRUE
"Wasserstraße_Springorum","2026/05/30 05:52:00","2026/05/31 04:40:30",1.1,"2026/05/30 09:54:00",1368.5,0.005,"Leichter Regen / Unterhalb DWD-Schwelle",2738,1.08,1.44,NA,NA,TRUE
"An_der_Kost","2026/05/31 03:42:30","2026/05/31 05:28:00",0.7,"2026/05/31 04:49:30",105.5,0.01,"Leichter Regen / Unterhalb DWD-Schwelle",212,0.93,3.6,NA,NA,TRUE
"Wasserstraße_Springorum","2026/06/06 18:56:00","2026/06/06 23:48:30",6.1,"2026/06/06 18:59:30",292.5,1.694,"Sturzflut-Ereignis",586,0.01,0.12,NA,NA,TRUE
